00021ae5,s1,0
0006db09,s1,0
001af494,s1,0
00394ea7,s4,0
004afe29,s4,0
004ec8a3,s1,0
005dfb56,s1,0
0094067f,s3,0
00a32e13,s1,0
00b16c72,s1,0
01021a5d,s1,0
010f4c6c,s1,0
0123db1b,s1,0
01258f1e,s1,0
014052f8,s1,0
014c53f3,s1,0
015e3839,s4,0
015faf16,s3,0
0189d1e7,s1,0
01cc3829,s1,0
01ce2a9d,s1,0
01da4d1d,s1,0
01db96ac,s2,0
01e84fb3,s1,0
01eb8dfe,s1,0
01f3cb4c,s1,0
02104ff7,s1,0
0217df8d,s2,0
02250a4b,s1,0
022fd959,s2,0
02359c31,s3,0
02476060,s1,0
0252d257,s4,0
029cdd26,s1,0
02c24a3f,s1,0
02d8d7e2,s4,0
02d99064,s1,0
02efc4cd,s1,0
02fd7ce1,s1,0
0320074e,s1,0
0325a453,s1,0
032e3e45,s3,0
03406ac3,s1,0
03707f55,s1,0
038198a4,s1,0
0383c567,s1,0
03c63f78,s1,0
03c7c548,s4,0
03eb2637,s1,0
03f6efed,s1,0
03ff7f2c,s1,0
0415ca45,s1,0
043c896b,s1,0
044ebfb7,s1,0
0450d8ba,s1,0
0466408f,s3,0
04823aef,s2,0
048ae916,s1,0
049e195b,s1,0
049efd42,s1,0
04bc363a,s3,0
04cf872d,s1,0
04d781a3,s1,0
04dbd3a7,s1,0
050854c3,s0,0
0514c962,s1,0
051c58f6,s3,0
0527f4fc,s1,0
052d67e0,s1,0
0577d600,s4,0
05860cbe,s3,0
058b5fdc,s4,0
05aad701,s1,0
05c5abb1,s1,0
05cc7063,s1,0
05e3e0cd,s1,0
05f53fe8,s1,0
0612a8db,s3,0
061eb8aa,s1,0
061f1cc9,s1,0
06262bc5,s1,0
062efda4,s2,0
064f3e16,s1,0
06573a36,s1,0
065e08b2,s1,0
065ee4f8,s3,0
0695f2fa,s1,0
069b4431,s1,0
069d4647,s1,0
06e47f18,s1,0
06e895fa,s1,0
06f47443,s1,0
0706dba3,s1,0
071de82b,s1,0
0721e4ec,s1,0
074cf29b,s1,0
07601d63,s1,0
0766c158,s4,0
07835988,s1,0
078ff65c,s3,0
079236c4,s1,0
07bbc59a,s1,0
07c2db35,s2,0
07e00b6d,s4,0
07e4362e,s3,0
081db0ae,s1,0
0828732b,s4,0
0836e5d5,s4,0
083be205,s2,0
084d42f6,s1,0
086544a9,s1,0
08664e25,s1,0
08769da8,s3,0
08bc2304,s1,0
08ccb9e3,s1,0
08d367df,s4,0
08e9717c,s1,0
08fdabd9,s1,0
091f20e6,s4,0
094c7bf6,s1,0
09567f38,s1,0
095a8b6c,s1,0
095afcb0,s4,0
0970f629,s1,0
097661bf,s2,0
097a48a1,s1,0
0983e0d4,s1,0
0997e384,s1,0
09ac5e65,s2,0
09c28cc5,s1,0
09e07751,s1,0
09e61cd1,s1,0
0a1c207d,s1,0
0a2b8f45,s4,0
0a2c29bb,s1,0
0a43f9e7,s1,0
0a56dce4,s1,0
0a5f40e0,s1,0
0a6dfaf0,s2,0
0a7f71eb,s1,0
0a84ef2c,s1,0
0a9132c8,s2,0
0a9d8e4a,s1,0
0aa6336a,s4,0
0aae40cb,s1,0
0af32e41,s2,0
0b2ca9c6,s1,0
0b378481,s1,0
0b3e5b6f,s1,0
0b42888f,s1,0
0b437e62,s1,0
0b93abed,s1,0
0bd141e1,s1,0
0bd571f8,s3,0
0bdd7b26,s1,0
0becf361,s3,0
0bf9035b,s1,0
0c1600a3,s1,0
0c66dfe5,s1,0
0c6c9f2a,s1,0
0c925937,s4,0
0ca4cbc7,s3,0
0ca77977,s1,0
0cb1152b,s1,0
0cdaed69,s1,0
0cf0b9a0,s4,0
0d2baef8,s1,0
0d334dfa,s1,0
0d35c33f,s1,0
0d5ef11c,s1,0
0d6c3b46,s1,0
0d8a3af1,s1,0
0d9229bd,s4,0
0d96749f,s1,0
0dba2e0f,s1,0
0de88e14,s4,0
0df257c4,s2,0
0dff9d53,s1,0
0e059656,s3,0
0e078806,s1,0
0e3cfccc,s1,0
0e43db15,s2,0
0e4cf13a,s1,0
0e55f089,s1,0
0e687310,s1,0
0e94f262,s4,0
0ea9baed,s1,0
0ead09a2,s1,0
0eb72e05,s1,0
0edd0864,s3,0
0eecced4,s4,0
0ef40d8e,s3,0
0ef9a86d,s4,0
0f0569eb,s1,0
0f0ff923,s4,0
0f1ef378,s1,0
0f35d18c,s1,0
0f3837e0,s1,0
0f407003,s2,0
0f4346f6,s1,0
0f4a8e9f,s1,0
0f5d7790,s1,0
0f632dc7,s4,0
0f7df9ef,s1,0
0f8bad68,s1,0
0fa6de03,s1,0
0fb69d5a,s3,0
0fb73402,s4,0
0fbcb7e5,s1,0
0fc08fa3,s3,0
0fc1cd09,s1,0
0fc61e39,s1,0
10021fda,s1,0
1003709c,s3,0
100dafe8,s1,0
1027cb35,s4,0
10a9cf30,s1,0
10b19383,s1,0
10b89c4c,s1,0
11199eb0,s3,0
1120c250,s3,0
112307f1,s2,0
1126c550,s1,0
112dd5ae,s1,0
11313f3b,s1,0
1134b0ff,s1,0
1138ab78,s1,0
11560081,s2,0
1180b065,s3,0
118c80f9,s2,0
118d0a1b,s1,0
11b4024b,s4,0
11c714a4,s3,0
11e2e436,s1,0
11e8f2b7,s1,0
121de773,s1,0
1230e55b,s3,0
1233aeda,s3,0
1234ddd6,s1,0
1238da1e,s1,0
12396845,s1,0
123daf8a,s1,0
1252b605,s1,0
125c439c,s1,0
1273811b,s1,0
12988eaa,s4,0
129cf74a,s1,0
12c2d9e3,s1,0
12c9e70d,s3,0
12dfff42,s2,0
12ef7ccf,s3,0
1310c19c,s1,0
13446a6a,s1,0
13571352,s1,0
135f3d11,s1,0
136fb45d,s1,0
137f87dd,s4,0
13a7bb83,s1,0
13b12496,s1,0
13c23dd5,s1,0
13e0d13a,s1,0
13e34245,s1,0
13e43321,s4,0
13e53279,s1,0
13ee7492,s1,0
1404f662,s2,0
14152ced,s4,0
141752c1,s1,0
143759a0,s1,0
1439dacd,s1,0
145b54e0,s1,0
1470461f,s1,0
148ca9ed,s1,0
14a03105,s1,0
14a72eef,s1,0
14cdb773,s1,0
14e9f7ab,s1,0
151b9c67,s1,0
151fb3a5,s1,0
15366b48,s1,0
153877d3,s1,0
1585815e,s1,0
1588ce54,s1,0
158e724b,s1,0
15a9349f,s1,0
15abe96f,s1,0
15c112df,s3,0
15e630a7,s1,0
15f577ae,s1,0
15fa72f6,s1,0
16129c43,s1,0
16303020,s1,0
1630baaa,s1,0
1647fcd1,s1,0
166a727b,s4,0
16758607,s1,0
16821774,s1,0
16982115,s4,0
169dd1b0,s1,0
16b1b577,s2,0
16b97ef1,s4,0
16bc564a,s1,0
16d3368f,s1,0
16d8d8cc,s2,0
16ff6be6,s1,0
17090ac7,s1,0
17133418,s1,0
17180e86,s1,0
171c67f5,s1,0
173af438,s1,0
1745950d,s1,0
175857b8,s1,0
17786a23,s4,0
17c7871b,s1,0
18023b14,s1,0
18307fd0,s1,0
186e7d01,s1,0
186f2d52,s1,0
18b3567a,s4,0
18fddf65,s1,0
194f41d5,s1,0
1973b70c,s1,0
19880229,s1,0
198977e4,s1,0
198cc549,s1,0
19921365,s1,0
1995f449,s4,0
199f0374,s1,0
19a3d61d,s1,0
19d1a00d,s4,0
19ddc755,s1,0
19ecaf2b,s3,0
19f4df3c,s2,0
19f5ae79,s1,0
1a20faee,s1,0
1a28c4b7,s4,0
1a2a3b9a,s1,0
1a344fd1,s1,0
1a4d19cc,s1,0
1a66720c,s3,0
1a9e95d4,s1,0
1aa801ab,s2,0
1aac0c04,s4,0
1ab946f8,s1,0
1ac305d3,s1,0
1ac3c9dc,s1,0
1ae57009,s1,0
1b070175,s3,0
1b154804,s2,0
1b258de6,s0,0
1b2bf1cb,s1,0
1b403dcd,s1,0
1b6f270b,s1,0
1b99e7b2,s4,0
1ba30afa,s2,0
1bd583cd,s1,0
1c073809,s3,0
1c2dfc4c,s3,0
1c31ebf3,s1,0
1c455f53,s1,0
1c511a3b,s4,0
1c5a2046,s1,0
1c718d2a,s1,0
1c719a41,s1,0
1c73ec70,s3,0
1c97b866,s1,0
1cdd30e4,s4,0
1ce16dcd,s1,0
1cf7b48b,s1,0
1cf898f2,s2,0
1cfd6787,s1,0
1d0bf15b,s1,0
1d0e0220,s1,0
1d18aa13,s1,0
1d289153,s2,0
1d2b60a8,s1,0
1d44bfb9,s1,0
1d59dc40,s1,0
1d63fc6a,s1,0
1d97d8d0,s1,0
1d9cff62,s2,0
1db57251,s1,0
1dd2c46a,s1,0
1dfc423a,s1,0
1e387ea5,s3,0
1e439b31,s3,0
1e52b293,s4,0
1e5329eb,s1,0
1e732c9e,s1,0
1eaccb8d,s1,0
1ed1570d,s1,0
1ee1eb98,s1,0
1ee680bc,s1,0
1f003009,s1,0
1f0661d1,s1,0
1f0caf59,s3,0
1f10840b,s4,0
1f22dc57,s4,0
1f279a96,s1,0
1f39bf0a,s1,0
1f460e70,s2,0
1f51d7df,s1,0
1f6167ae,s1,0
1f7c28f5,s1,0
1fa73f53,s2,0
1fd00c10,s1,0
1fd71292,s1,0
1ff2129e,s4,0
204e9eb3,s1,0
20792c2c,s1,0
207a13d1,s2,0
207e7dee,s1,0
20c890fc,s1,0
20ea3238,s1,0
20efe2ee,s1,0
20f69cb4,s1,0
21087416,s4,0
21092d9d,s1,0
21192339,s1,0
21252c28,s1,0
2141bfc9,s1,0
214548eb,s1,0
21613f48,s3,0
217ea67a,s1,0
2193fe06,s1,0
219f602e,s4,0
2222d2d9,s1,0
222e08f9,s1,0
22492e47,s1,0
224a2e58,s4,0
224c9255,s2,0
226fe86e,s2,0
2274976e,s4,0
2284863c,s1,0
22980321,s3,0
22bab189,s3,0
22c5ab8c,s1,0
22da5b90,s1,0
22dc2886,s1,0
2308238d,s2,0
2312a530,s4,0
23139933,s1,0
2323310c,s1,0
2329c445,s1,0
232b9120,s1,0
23515a0e,s2,0
235eeed9,s1,0
23730f24,s2,0
237998d6,s1,0
2385ba7c,s1,0
239c0da8,s1,0
239d35de,s1,0
23bf40a2,s1,0
23f68a64,s1,0
23fd7ecf,s1,0
23fd8fbb,s1,0
23ff45a4,s1,0
241345c3,s3,0
2413c9fc,s1,0
2419cab6,s1,0
245f9146,s1,0
247e112d,s1,0
24866475,s1,0
248b26f0,s1,0
249811a9,s1,0
24acde18,s1,0
24e52e8c,s3,0
24e73e79,s1,0
24f29382,s1,0
24f9d263,s4,0
252489e1,s3,0
2544aa36,s1,0
2547c7fd,s1,0
255e3e32,s2,0
256586fa,s1,0
25772a68,s1,0
258868a8,s1,0
25ac318a,s1,0
25adbdbc,s1,0
25b71411,s1,0
25c3dab8,s4,0
25c44030,s4,0
25c6b2d9,s1,0
25c7e150,s4,0
25cbb228,s1,0
25cd4fdb,s1,0
25ebd856,s4,0
26077fad,s1,0
2609221c,s3,0
2618f0d3,s1,0
2623dce5,s4,0
2640f65f,s1,0
265379cc,s1,0
2663ef96,s2,0
267ff7a1,s1,0
26852816,s1,0
2691d2c8,s1,0
26a03974,s1,0
26ad2aa8,s1,0
270c303d,s3,0
270c3bd8,s1,0
272b8e83,s2,0
273d69e4,s1,0
27450ef5,s1,0
274ba8d3,s1,0
27672e70,s1,0
27685e4b,s1,0
2778c755,s2,0
278285ca,s4,0
279673fa,s1,0
27c6667e,s1,0
27e237e8,s1,0
27f63941,s3,0
28112214,s1,0
28139e3f,s2,0
28494c23,s1,0
2871431a,s1,0
28899348,s2,0
289b0469,s2,0
289f0848,s1,0
28bb7768,s1,0
28c20bef,s1,0
28f70659,s1,0
29201c48,s3,0
2924546f,s1,0
29273da3,s1,0
294b5fe7,s1,0
294e7fa9,s1,0
2951c8bd,s3,0
295d2140,s1,0
295e00e9,s1,0
297348e8,s1,0
299e2e24,s1,0
29ab37c4,s1,0
29ca0973,s2,0
29d22f56,s1,0
29d81fed,s1,0
29e8c1f3,s1,0
29ff5f57,s1,0
2a08f8bd,s1,0
2a29fb62,s4,0
2a3e5926,s1,0
2a45967e,s4,0
2a61beeb,s1,0
2a69a6b6,s3,0
2a9065db,s4,0
2aafb7da,s1,0
2aebd1eb,s1,0
2af59248,s1,0
2b066e72,s1,0
2b0cf3d7,s1,0
2b23897e,s3,0
2b257c6d,s1,0
2b27c8f7,s1,0
2b5c3a4f,s1,0
2b81f037,s0,0
2ba2a23a,s3,0
2ba64b44,s1,0
2bcbbcd5,s1,0
2bcd0b4c,s3,0
2bd258d7,s1,0
2be8294f,s1,0
2bf5b58e,s1,0
2c1cce91,s3,0
2c37a921,s1,0
2c678d63,s1,0
2c70d1c2,s1,0
2c79dc1c,s4,0
2c7b57aa,s4,0
2c820867,s1,0
2c856a24,s2,0
2c85fd84,s1,0
2cadc0f2,s4,0
2cbf01f7,s1,0
2cbf40eb,s4,0
2cea731e,s1,0
2d0c4f1a,s3,0
2d1e1b3c,s1,0
2d3f9676,s2,0
2d4eadfd,s3,0
2d58b390,s4,0
2d95aec4,s4,0
2da4e43f,s4,0
2dbcaed2,s2,0
2dee2cae,s1,0
2df40599,s1,0
2e0eef7a,s1,0
2e0f25fe,s4,0
2e1cabcd,s1,0
2e1d3dbe,s1,0
2e5680f3,s1,0
2e58a2de,s3,0
2e60b361,s1,0
2e79ae0c,s3,0
2e7b79d1,s1,0
2e7f76b4,s4,0
2e946259,s1,0
2e99dac3,s1,0
2ea0f6e1,s1,0
2ec024f3,s1,0
2ec9c7ad,s2,0
2edcb31b,s1,0
2f13fab1,s3,0
2f442bda,s2,0
2f51508e,s1,0
2f6f8f30,s2,0
2f78ebdb,s1,0
2f827197,s1,0
2f89deb1,s4,0
2f8b6a99,s3,0
2f93fa32,s1,0
2f9adeee,s3,0
2face99b,s1,0
2fc4d21a,s1,0
2fcd4bc8,s1,0
2fd4fd97,s1,0
2fda428d,s1,0
2fea61cd,s2,0
300164c2,s2,0
301b6c87,s1,0
30290cdb,s1,0
303a18d7,s1,0
30593e4f,s1,0
305f72fc,s4,0
30641d06,s1,0
3066cb77,s1,0
30bf4550,s1,0
30c92f16,s1,0
30cfbe30,s1,0
30dd3172,s1,0
30f46acf,s1,0
30fe986c,s1,0
31087ecd,s1,0
31342566,s3,0
313d3930,s4,0
3153c2de,s1,0
31579107,s1,0
315eee86,s1,0
3160e24e,s1,0
3167f077,s1,0
3173d1bc,s1,0
317e6299,s4,0
319a1a1b,s1,0
31dc15d4,s1,0
31f2f476,s2,0
31faf957,s1,0
3201dd0c,s1,0
321096be,s2,0
321c5165,s1,0
3226466b,s1,0
322ae8eb,s1,0
32335c4f,s1,0
32358035,s1,0
323f9134,s1,0
325608a8,s1,0
32809f66,s2,0
32972485,s4,0
32c269af,s2,0
32c6074d,s1,0
32ca6a17,s1,0
32d51cdf,s4,0
32e589b2,s2,0
32e7041d,s1,0
32ea156e,s1,0
330c107c,s1,0
330d1a38,s1,0
3318c7e8,s3,0
33408889,s3,0
336be4c5,s1,0
3385a4de,s1,0
33b88173,s1,0
33b92684,s1,0
33be7bdd,s3,0
34113018,s1,0
342a7e81,s3,0
34325f1c,s4,0
34456815,s1,0
344920a0,s1,0
346b2ca9,s4,0
34ab9e37,s1,0
34ae294e,s1,0
34b9d740,s3,0
34ccb176,s1,0
34d5b63e,s1,0
34d7aa6c,s1,0
34d7d13e,s1,0
34e88711,s1,0
34ed234d,s1,0
353435d0,s1,0
35458662,s3,0
354b597b,s1,0
355a1fb4,s4,0
357d7a68,s1,0
35a3eb04,s1,0
35af34eb,s1,0
35ba1cb8,s1,0
35be16b4,s1,0
35cea835,s4,0
35d07415,s3,0
35dc7f13,s1,0
35e454fa,s1,0
361ca199,s2,0
36336908,s1,0
364b386a,s4,0
365d2b31,s2,0
3686c3a8,s1,0
36961029,s1,0
36b74e8a,s1,0
36cfae90,s1,0
36d27e38,s1,0
36d89a55,s1,0
36dc0634,s1,0
36decd53,s1,0
36e496a9,s3,0
371c774b,s1,0
372a44af,s2,0
372f58bb,s4,0
3739cf93,s1,0
373fc522,s2,0
37443942,s1,0
375a70d1,s3,0
375ba629,s1,0
37662b14,s1,0
3771ef23,s1,0
379775b4,s1,0
37dda4d9,s1,0
37e8db14,s1,0
382dcd80,s1,0
383a05b1,s3,0
3850cad7,s1,0
3858685e,s1,0
385ef60d,s1,0
3866c12e,s1,0
3890b0e4,s1,0
38a017f5,s1,0
38b1ee45,s1,0
38b87d95,s1,0
38babe03,s1,0
38c0b3e7,s1,0
38d909d8,s1,0
38f43c89,s1,0
391858f5,s1,0
391d5dbb,s3,0
392bea77,s1,0
39405f7c,s1,0
395fb556,s1,0
39798464,s1,0
398b17d9,s1,0
39bf0ef1,s1,0
3a134128,s3,0
3a25d8e7,s1,0
3a2f983b,s1,0
3a4e2257,s1,0
3a5dccb3,s1,0
3a864c00,s1,0
3a9150d9,s1,0
3aa55edf,s1,0
3abc407c,s1,0
3ad9573c,s1,0
3b029818,s1,0
3b0e3bce,s1,0
3b0ff137,s1,0
3b11d131,s1,0
3b252211,s1,0
3b2ff38c,s2,0
3b40e7e4,s3,0
3b5fe6f3,s1,0
3b7f8554,s4,0
3b7f9dda,s1,0
3bac906b,s1,0
3bae0c94,s1,0
3baf7bdf,s1,0
3bb281f2,s1,0
3be06623,s2,0
3bef4f08,s1,0
3bef7888,s3,0
3c089814,s0,0
3c0f757a,s4,0
3c1a6765,s1,0
3c38c33c,s1,0
3c6b87fb,s3,0
3c80ef34,s1,0
3c8e1d80,s1,0
3c987817,s1,0
3cb21e9b,s1,0
3cbeb80e,s1,0
3cc9af93,s3,0
3cd6c1bd,s1,0
3cd7f91f,s1,0
3d2abd6a,s1,0
3d3345f1,s3,0
3d3aec2d,s3,0
3d3cd3c8,s1,0
3d5d5cf1,s2,0
3d67a4d4,s3,0
3d73cc01,s1,0
3d8ba8a4,s4,0
3d8c6c21,s1,0
3d95ca8b,s3,0
3dbdcdc2,s2,0
3dddbea6,s1,0
3dddc36f,s1,0
3e6ac76f,s1,0
3e6b0f86,s3,0
3e7f01b6,s1,0
3e834aaa,s3,0
3eb50860,s1,0
3ed56f85,s1,0
3ed8b21d,s1,0
3ee41681,s0,0
3ef7917b,s1,0
3efcd5a5,s4,0
3f092eee,s1,0
3f1536c1,s2,0
3f1ee8f2,s1,0
3f4439b3,s1,0
3f56c143,s1,0
3f669eb0,s4,0
3f76bdeb,s1,0
3f7c30a6,s1,0
3f862057,s1,0
3f870de3,s1,0
3fa0e80d,s4,0
3fa5ac70,s1,0
3fbe7671,s1,0
3fe4698f,s1,0
3ff134cf,s3,0
3ff95718,s1,0
402231be,s1,0
4024009b,s4,0
4033a286,s3,0
4067166d,s4,0
4096951f,s1,0
40b2d3dd,s1,0
40c82308,s4,0
40cfa27d,s3,0
40d194d2,s1,0
40d91def,s1,0
40dbf93e,s1,0
40de47dd,s3,0
40e8b916,s1,0
40f5f59e,s1,0
410351c4,s1,0
4115cb5c,s1,0
41481fd9,s1,0
41526ca7,s1,0
4166a7e3,s2,0
41739dc8,s1,0
418b6ea3,s2,0
419540e1,s1,0
41b2746d,s4,0
41babd20,s1,0
41d9c197,s1,0
41e7a8a5,s1,0
41e8390b,s2,0
4200d48c,s2,0
42026285,s1,0
422d59fd,s1,0
42305f43,s1,0
426c61e2,s1,0
4272ac21,s1,0
4283bd87,s1,0
428df047,s1,0
4298d2a1,s1,0
42ac97cd,s1,0
42aebccd,s1,0
42bedd53,s2,0
42c4e4c5,s1,0
42c8f7a6,s1,0
42cad893,s1,0
42ddeffa,s1,0
42ed84a0,s1,0
42ee63c3,s4,0
42faf5ab,s1,0
43099f07,s1,0
430aa037,s1,0
430cf1e6,s4,0
43144504,s1,0
432d535e,s1,0
4330e9b6,s1,0
4360fb8f,s2,0
43610986,s1,0
436edb91,s1,0
43702f99,s2,0
43768e07,s1,0
4389165e,s1,0
439de092,s2,0
43ae4a39,s2,0
43b994bc,s1,0
43bda7f6,s1,0
43d86fa8,s2,0
43e3cd14,s1,0
43e5f9cb,s1,0
43e7de26,s4,0
43f05442,s2,0
4403336d,s1,0
4436f83c,s1,0
444d91b3,s1,0
44588b31,s1,0
44617e4c,s1,0
446c41f4,s1,0
446e1bd5,s1,0
44897409,s1,0
44a1dd43,s1,0
44b55406,s2,0
44f7b769,s1,0
44ff1903,s1,0
45004762,s1,0
45279770,s1,0
45321c45,s1,0
4545626f,s1,0
454d637a,s1,0
459c9e87,s1,0
459f116c,s1,0
45a2e38f,s1,0
45a943ba,s1,0
45bb5f9a,s1,0
45c43ae3,s1,0
45d880e1,s2,0
45f05151,s1,0
45ff7286,s1,0
4632094f,s1,0
46405d12,s1,0
46430094,s1,0
464b4f58,s1,0
4670632d,s1,0
46711d3f,s1,0
46806e8e,s2,0
468bb78a,s1,0
468cb9bf,s1,0
46981501,s1,0
46ad19dd,s1,0
46aec292,s1,0
46af6658,s1,0
46b39a61,s2,0
46c2bd23,s2,0
46ec5ae4,s1,0
46ecf7c6,s1,0
46f4bb0d,s1,0
470a913f,s1,0
47115707,s2,0
471fd366,s1,0
472da039,s3,0
47339cf3,s1,0
4736251b,s1,0
473c5d0c,s1,0
4743c046,s2,0
474ed7de,s4,0
476f2c5c,s1,0
4781fb46,s1,0
4787de1f,s1,0
479b8831,s1,0
47c73574,s1,0
47e1f482,s1,0
47ebaacc,s1,0
4817f7fa,s1,0
482ede22,s1,0
4851c297,s3,0
485383d8,s2,0
48935ea8,s2,0
48957498,s1,0
48a19b09,s1,0
48aeb404,s4,0
48bd9dae,s4,0
48ccb43d,s1,0
48d0c5a4,s4,0
48e1bbc2,s2,0
48ea09a5,s1,0
49289e94,s3,0
4929fad5,s1,0
492a830e,s1,0
493e28c2,s1,0
49416f42,s1,0
4958cced,s1,0
49782e81,s1,0
497cfe98,s1,0
49988820,s2,0
49a36f8b,s3,0
49bbd218,s1,0
49ec82df,s1,0
49f01042,s1,0
49f2ec05,s1,0
49fa238d,s3,0
4a0745b9,s1,0
4a0ce736,s1,0
4a24f09b,s1,0
4a2bb20c,s1,0
4a37e3e7,s1,0
4a506d11,s3,0
4a521e36,s1,0
4a60c5fe,s1,0
4a64cc68,s1,0
4a7bc225,s1,0
4a986b87,s1,0
4a9984a0,s1,0
4a9ead33,s3,0
4ab0e533,s2,0
4ab9558a,s1,0
4ac7a0c9,s1,0
4acdc03f,s1,0
4ad9f995,s2,0
4ae216f5,s1,0
4aea0a28,s1,0
4b18adca,s2,0
4b3b930b,s1,0
4b3df721,s1,0
4b43dea3,s2,0
4b48267a,s1,0
4b63b7eb,s1,0
4b80caff,s1,0
4bdf090a,s1,0
4bed3115,s1,0
4c2ae2c8,s2,0
4c5ad727,s1,0
4c650d8b,s3,0
4c75ecd1,s1,0
4c76aca9,s2,0
4c7f538b,s2,0
4c8383aa,s3,0
4c847cf5,s3,0
4c8a2693,s4,0
4cbe5f65,s4,0
4cdf8b75,s1,0
4cf7bbc7,s3,0
4cfe6450,s4,0
4d069c2f,s2,0
4d09a2a0,s1,0
4d5f31e7,s1,0
4d65d796,s1,0
4d699543,s4,0
4d87a905,s2,0
4d8d4c6d,s3,0
4da1fc91,s1,0
4daa7bba,s4,0
4dab0998,s4,0
4dbc0064,s1,0
4dd0f221,s1,0
4dd825b2,s1,0
4ddf6ff4,s1,0
4de892b7,s1,0
4ded9f5e,s1,0
4deea7bc,s3,0
4e4ec845,s1,0
4e5f2825,s2,0
4e656daa,s1,0
4e673fe8,s1,0
4e68f41f,s1,0
4e97599e,s1,0
4eb11015,s2,0
4ec4c7d4,s1,0
4ec97075,s1,0
4ede096a,s1,0
4ee15eb4,s1,0
4f0beb5a,s1,0
4f1364d6,s1,0
4f5bafe4,s1,0
4f6f473f,s1,0
4fd4ac62,s1,0
4fda3ea5,s2,0
4fe4e5d2,s4,0
4ff6142e,s2,0
4ffd348c,s1,0
503e93d9,s2,0
504a2c53,s1,0
5062f5af,s1,0
5077670d,s3,0
508be2cb,s1,0
509a8887,s1,0
50b147db,s1,0
50bdbfea,s1,0
50bf982f,s1,0
50c7ecdb,s4,0
50cdaaea,s1,0
50eb9cb7,s1,0
50f4bc18,s1,0
5104a821,s1,0
5112f2d9,s1,0
5126b3d3,s1,0
51439177,s1,0
514c93fd,s1,0
514da393,s1,0
514f9e5a,s1,0
516532c8,s2,0
51877b66,s4,0
518e0e75,s1,0
51940be1,s2,0
519c4384,s1,0
51a2ee7c,s1,0
51e3bfb4,s1,0
51ef1cbc,s1,0
51fca5b5,s2,0
5228cef3,s1,0
522f0d9b,s1,0
524eb77b,s4,0
52704f1c,s1,0
52735053,s1,0
5293b46f,s1,0
529c8af3,s1,0
529e17fa,s1,0
52a21643,s2,0
52ab7d0d,s1,0
52ab8921,s4,0
52be5037,s1,0
52d65949,s1,0
52dc508f,s1,0
52e97394,s1,0
52ef3e93,s1,0
52fb493c,s1,0
53289f34,s3,0
532c8e8c,s3,0
5367eb11,s1,0
5388113e,s1,0
53bff7da,s1,0
53c14650,s1,0
53c8b38d,s3,0
53e33be6,s1,0
540649cf,s4,0
541e757f,s1,0
5421bd01,s1,0
54676473,s1,0
5471797d,s1,0
547cd337,s1,0
54bb7eb6,s1,0
54d0f381,s1,0
54e7a6fc,s1,0
54fc4eaa,s1,0
550b7f54,s1,0
551a3788,s3,0
55514ec3,s1,0
559a6175,s1,0
55b60a2e,s1,0
55ba51bc,s1,0
55d77dc7,s1,0
55d92803,s1,0
55f4ee4c,s1,0
55f78ad9,s3,0
55fe60e1,s4,0
56072627,s1,0
56082a1b,s1,0
560b36b1,s4,0
561c5278,s1,0
562d0047,s1,0
563dc680,s1,0
5640731e,s1,0
564dd4e3,s1,0
565a8722,s1,0
565d22e1,s1,0
5669575b,s4,0
566d70f5,s1,0
56747c81,s1,0
56788e73,s1,0
56922c0e,s1,0
56a1cb04,s1,0
56a2b71b,s1,0
56ab69be,s3,0
56e1a205,s1,0
56e63d0c,s1,0
56ed546b,s3,0
56fc1313,s1,0
570477bc,s3,0
5707ff44,s1,0
57095c65,s1,0
57103617,s2,0
5729f5b2,s1,0
572caf98,s1,0
573c6e77,s2,0
57665254,s1,0
57939e0f,s3,0
57a2926c,s4,0
57c903fe,s2,0
57f085a6,s1,0
57fb797b,s2,0
58097062,s1,0
580bccb9,s1,0
581c0394,s2,0
5823af5d,s1,0
58284da5,s1,0
58320afa,s1,0
5838f77e,s3,0
5852eb8a,s1,0
588cad7d,s1,0
58977474,s3,0
5897beb4,s1,0
58afc99e,s1,0
58bc52dc,s1,0
58be122e,s1,0
58dd8742,s1,0
58f7d4ab,s1,0
58fb35f9,s3,0
59422ef9,s1,0
5942a136,s1,0
59668f57,s1,0
597f9e61,s4,0
598152ec,s1,0
59a250c4,s1,0
59a302e3,s1,0
59a453b1,s1,0
59a8e2f2,s1,0
59b890d7,s0,0
59eb66c5,s1,0
59fc6877,s1,0
5a17ae79,s1,0
5a2fe43d,s1,0
5a33d315,s2,0
5a37d401,s1,0
5a5dade1,s1,0
5a71878d,s1,0
5a80dc0f,s2,0
5a80e342,s2,0
5a8a6f87,s3,0
5a8d89c1,s1,0
5a918970,s1,0
5a92b650,s4,0
5a9e39c7,s1,0
5aa7e4b3,s3,0
5aea38c0,s1,0
5af6536b,s1,0
5b2263aa,s1,0
5b5a95a9,s4,0
5b5d19ef,s1,0
5b8008a1,s1,0
5b88769c,s1,0
5b91bbc8,s3,0
5bbb22e6,s1,0
5bc42878,s1,0
5bdccbb1,s4,0
5be38cf9,s1,0
5bea142b,s1,0
5bf04d9c,s3,0
5c04b113,s2,0
5c094ee1,s0,0
5c0aaf40,s3,0
5c209228,s3,0
5c329835,s1,0
5c39b8e7,s3,0
5c3b9dc8,s2,0
5c41fce8,s1,0
5c602edb,s1,0
5c6e99f0,s1,0
5c808879,s2,0
5cb6ec73,s1,0
5cbd3b35,s1,0
5cbd534c,s1,0
5ccfc1da,s1,0
5ce0f55a,s1,0
5ce7ee4c,s1,0
5cead2ea,s1,0
5d0bc625,s1,0
5d0bf2b1,s1,0
5d17254b,s1,0
5d29ed09,s1,0
5d33265f,s1,0
5d3d4721,s1,0
5d4346c7,s3,0
5d4d5325,s1,0
5d4f56e8,s1,0
5d6a2c14,s2,0
5d755037,s1,0
5d8cbe59,s1,0
5db0a4fe,s1,0
5dbbe097,s1,0
5dc86ab2,s1,0
5dd1acd5,s3,0
5dd8c71c,s1,0
5ddedb6d,s1,0
5e0482fc,s1,0
5e1ab55c,s3,0
5e265cef,s2,0
5e29214f,s1,0
5e512efe,s1,0
5e5a76df,s1,0
5e60b39d,s1,0
5e641b88,s4,0
5e74093e,s1,0
5e85c11a,s1,0
5ebc9e8f,s4,0
5ec7dccf,s1,0
5ed13916,s1,0
5ed9e143,s1,0
5ee7d96d,s1,0
5ef518f2,s1,0
5efeae7a,s1,0
5f08b627,s2,0
5f0af023,s4,0
5f0c29bc,s1,0
5f1bd408,s1,0
5f2387e7,s1,0
5f29bce6,s1,0
5f4a3bff,s1,0
5f65f172,s1,0
5f706a28,s1,0
5f70e590,s4,0
5f7a2c61,s3,0
5f847a12,s1,0
5fa32462,s1,0
5fa6d2eb,s4,0
5fa87ae2,s1,0
5fad05fe,s1,0
5fb3d085,s1,0
5fc5db23,s2,0
5fd82cf2,s1,0
5fe98cc2,s1,0
60139bd7,s4,0
601e69c2,s1,0
604d944d,s1,0
6057bdeb,s1,0
6076a306,s1,0
607804a2,s1,0
60e90efa,s1,0
61055829,s1,0
610accde,s1,0
61193cd5,s1,0
612a0024,s1,0
61431614,s1,0
614e152b,s1,0
6170e8ae,s1,0
617d8ec5,s1,0
61804730,s1,0
619694d0,s4,0
6197f815,s1,0
61a81467,s1,0
61bef563,s1,0
61d0bd71,s1,0
61da886b,s4,0
621147a5,s4,0
62156ebf,s1,0
6258449c,s1,0
625b324c,s1,0
6261fd91,s1,0
62a29382,s1,0
62bf03be,s1,0
62c54eba,s1,0
62d2d034,s1,0
62e6af82,s1,0
631434ae,s3,0
63384953,s1,0
63499c2c,s1,0
6358c22b,s1,0
637eacac,s1,0
638d0be9,s1,0
6396063c,s3,0
63a702f7,s1,0
63ac4d19,s1,0
63cb1ea5,s1,0
63d83a7d,s1,0
63dbf51b,s2,0
63ed73e1,s1,0
642904bd,s1,0
64364c73,s2,0
643c3c82,s4,0
643f674d,s3,0
644e854a,s1,0
646d72b1,s4,0
64780f59,s1,0
6486fc88,s1,0
6488e1e2,s1,0
648d9d18,s1,0
649a3ddd,s4,0
64b483aa,s1,0
64c197ea,s2,0
64c619bd,s1,0
64cf45d3,s1,0
64d02c6a,s2,0
64d25c50,s1,0
64daa912,s1,0
64ff26cc,s1,0
651ed6bb,s1,0
652b616f,s1,0
656c3a8a,s3,0
656e9d15,s1,0
6581dac3,s1,0
65977f13,s3,0
659e0b9f,s2,0
65a019f5,s1,0
65ca0867,s1,0
65cc3cc2,s1,0
65cf3b26,s1,0
65e1fd43,s3,0
65f3a018,s1,0
65f5b052,s2,0
65fa918d,s3,0
6600bc62,s1,0
66012283,s4,0
66148a85,s1,0
66280ff9,s1,0
66410bfa,s1,0
665e8b0e,s1,0
6698e961,s1,0
66b22c9a,s1,0
66dd908c,s1,0
66e4b6fd,s1,0
66ffece5,s4,0
670b0bab,s3,0
6723c58e,s1,0
672488c3,s1,0
674e31fa,s1,0
675dac7b,s1,0
676c5599,s1,0
676f4c31,s1,0
67bda29a,s3,0
67c286bd,s1,0
67db6671,s3,0
67f04d1c,s1,0
67f22ca0,s3,0
67f22e3d,s1,0
68071a76,s1,0
6813e66c,s1,0
682a86fe,s3,0
6850d4eb,s1,0
6856972a,s1,0
68574890,s1,0
68cb68ff,s1,0
68e0a1b6,s3,0
68e73521,s1,0
68f06917,s1,0
68f6e2b8,s1,0
69018208,s1,0
692ed8b8,s3,0
6944f828,s1,0
6952e20f,s1,0
695951d0,s1,0
695afecc,s1,0
696fac87,s4,0
697df130,s2,0
69b519fb,s1,0
69ea9a94,s1,0
69fa10a8,s4,0
6a280e4b,s1,0
6a289360,s1,0
6a37e1a4,s1,0
6a3fa9e1,s1,0
6a510fb1,s2,0
6a54e2ea,s4,0
6a59c919,s1,0
6a7959cf,s1,0
6acd5f87,s1,0
6ad6fe46,s3,0
6aeea11a,s1,0
6b09c9aa,s1,0
6b284cd5,s1,0
6b38e9f6,s3,0
6b47917e,s3,0
6b825efe,s2,0
6b9531e7,s1,0
6b9f7397,s1,0
6bb95f39,s1,0
6bbe92d1,s1,0
6bd11063,s3,0
6bd2b10b,s1,0
6be20033,s1,0
6be628f4,s3,0
6bf113e5,s3,0
6c00639e,s1,0
6c309ed3,s3,0
6c3ebdf7,s1,0
6c411bc3,s1,0
6c4dab2c,s1,0
6c648b60,s2,0
6c803eec,s1,0
6c838b5e,s1,0
6c841aba,s3,0
6c904379,s1,0
6c9ffcb9,s1,0
6ce617c1,s3,0
6cea2f4d,s1,0
6cf4af7d,s1,0
6d051da4,s1,0
6d088111,s1,0
6d26f618,s4,0
6d3cd6ad,s4,0
6d434798,s1,0
6d589dad,s1,0
6d7dec2b,s1,0
6d8c1482,s1,0
6d8caf40,s1,0
6d8df652,s1,0
6d9be133,s1,0
6dbea2cb,s1,0
6dcf7ea2,s1,0
6de6bec3,s3,0
6de8a31e,s4,0
6deb64ba,s1,0
6dee7de9,s4,0
6df70ea3,s1,0
6e3f7d50,s1,0
6e57b123,s2,0
6e6b1127,s4,0
6e73f933,s1,0
6e959564,s1,0
6eb7645e,s2,0
6ebc7826,s1,0
6ed57b67,s1,0
6ef98f20,s1,0
6f0c9517,s1,0
6f384703,s1,0
6f3c3489,s1,0
6f415f01,s4,0
6f4bc75d,s1,0
6f5e15d9,s4,0
6f654564,s4,0
6f75aeed,s1,0
6fca8691,s1,0
6fde602b,s1,0
6fde91e7,s3,0
6feab85c,s3,0
700045ad,s4,0
7003036e,s1,0
701ebf9d,s1,0
7043fabd,s1,0
7051ac01,s1,0
7055f691,s1,0
706476fe,s1,0
70693b9e,s2,0
7078838e,s4,0
70816e4b,s1,0
708faf57,s1,0
709c2055,s1,0
70a97d62,s1,0
70aa10d3,s1,0
70acb0d3,s3,0
70ae2ec3,s1,0
70dcf78a,s3,0
70de1983,s2,0
70e724e4,s4,0
70e7c8dd,s1,0
71080044,s1,0
710d2635,s1,0
710f20b6,s1,0
71314150,s1,0
716f1be5,s1,0
717e36ea,s1,0
7190fb45,s1,0
719b9a86,s1,0
71aec856,s1,0
71e0e02e,s2,0
71f1278b,s1,0
71fb40d2,s1,0
72189da5,s4,0
721df528,s3,0
72203ad0,s2,0
722b4a41,s1,0
724f81d1,s1,0
72709d7a,s2,0
727ab656,s1,0
727ef942,s1,0
727f3e3d,s1,0
7285fe76,s1,0
72861b10,s1,0
729c71c9,s4,0
729ca4df,s1,0
72b5c7ed,s1,0
72c5223d,s1,0
72dfdabc,s1,0
72e114d0,s1,0
72f69663,s1,0
73172f5c,s1,0
736d4926,s1,0
737bb0cf,s1,0
73922bfd,s1,0
73b45fd3,s1,0
73b62397,s2,0
73d2ab2d,s1,0
73d9979d,s2,0
73eeccfb,s1,0
73fe455e,s3,0
741085c8,s1,0
741872da,s1,0
74915592,s2,0
74960c51,s1,0
749d3625,s4,0
749e976d,s1,0
74c84b7c,s4,0
74e28217,s1,0
74ebc34e,s0,0
74f6e595,s4,0
74fc9a34,s1,0
75082a51,s1,0
75211552,s1,0
75326455,s1,0
75366ab9,s1,0
75384b40,s1,0
753b4ce4,s1,0
753d1edc,s1,0
753e6303,s1,0
756930d6,s1,0
75742fb5,s1,0
75976cb8,s3,0
759c0061,s1,0
75ba7dbe,s1,0
75c58191,s1,0
75c9d797,s1,0
75d5aab4,s1,0
75d5c532,s4,0
75f1213d,s1,0
761aa3db,s1,0
761e13ec,s1,0
7647601f,s1,0
7650a3e9,s1,0
7665fa69,s3,0
76ade46c,s1,0
76b51c6c,s2,0
76bbd6ef,s3,0
76e7afbe,s1,0
77107e13,s3,0
7762b90b,s1,0
7763452f,s1,0
7764313d,s3,0
776b8cad,s1,0
777b537e,s1,0
7791076d,s1,0
7798b176,s1,0
77a1a5fe,s2,0
77a5f8af,s1,0
77c1e968,s1,0
77c3c556,s2,0
77d0ee05,s1,0
77d196c2,s3,0
77d4df5c,s1,0
77dbaefc,s1,0
78179e22,s4,0
7826ef65,s3,0
78284775,s2,0
783c6567,s1,0
784a2090,s1,0
787b4800,s1,0
789905d4,s1,0
78b55d1f,s1,0
78d09634,s1,0
78ee0103,s3,0
791af35b,s1,0
7924fdab,s1,0
7939c2d8,s1,0
79794a78,s1,0
797efa23,s4,0
798e0f33,s1,0
799a62c1,s1,0
799aa407,s3,0
79c8b84d,s1,0
79daa9fe,s1,0
79df6457,s1,0
79eee8db,s1,0
79f4ecc3,s1,0
7a343ba9,s1,0
7a6d4ce2,s2,0
7a8b0a1d,s4,0
7aa0e682,s1,0
7aa9ace2,s2,0
7ab3a967,s1,0
7ac9a0cb,s1,0
7ad38aca,s3,0
7ade5458,s1,0
7ade6c70,s1,0
7b0467ee,s1,0
7b0546e6,s2,0
7b06be71,s1,0
7b26dd26,s0,0
7b3a2f98,s1,0
7b42e559,s1,0
7b495989,s2,0
7b4bad62,s2,0
7b5088e4,s1,0
7b6f2255,s1,0
7b8a1630,s1,0
7baba1c2,s1,0
7bb34df1,s4,0
7bc3ea29,s1,0
7bceb5c7,s4,0
7bdd9402,s1,0
7c0d3cd2,s1,0
7c0dbfd6,s1,0
7c2b6485,s4,0
7c3aba50,s1,0
7c45967c,s3,0
7c48f69f,s1,0
7c72bc72,s1,0
7c8ccc44,s4,0
7c9c77ef,s1,0
7c9f8d62,s1,0
7ca3d52d,s1,0
7cb2900a,s3,0
7cb7000d,s2,0
7cf2591e,s1,0
7cfce782,s1,0
7d16a9cf,s1,0
7d1a4623,s1,0
7d1d73f2,s3,0
7d1f8998,s1,0
7d28ee2e,s1,0
7d5d9f41,s1,0
7d6785a1,s1,0
7d7f41f4,s2,0
7d8ea289,s1,0
7db18fe6,s1,0
7db38f38,s2,0
7df80906,s1,0
7e171c39,s1,0
7e2b3b70,s1,0
7e36480a,s4,0
7e3fd356,s1,0
7e4444fe,s1,0
7e5c5790,s2,0
7e666e4e,s2,0
7e680352,s1,0
7e7345da,s1,0
7e96e68b,s3,0
7eade4ee,s1,0
7ec1f870,s1,0
7eca2c8d,s1,0
7ef84f88,s4,0
7f01313f,s2,0
7f03f563,s1,0
7f09836e,s1,0
7f51a60b,s2,0
7f62dcd9,s1,0
7f6520bc,s1,0
7f70adb2,s4,0
7f783b9f,s1,0
7f7a3854,s1,0
7fa6838b,s1,0
7fe01549,s3,0
7feae264,s2,0
7ff7df56,s2,0
7ff8712a,s1,0
802e84fb,s1,0
803aaf41,s1,0
80590de4,s2,0
806cd92a,s1,0
8084ade4,s1,0
810383d1,s2,0
8122be12,s2,0
812342b0,s1,0
814f4e49,s1,0
81713517,s2,0
8172a521,s1,0
8178dccc,s2,0
81835ca8,s3,0
81842545,s3,0
81a22a05,s1,0
81bc29ab,s1,0
81caef4d,s1,0
81d60f34,s1,0
81eef4d1,s1,0
81f8c034,s4,0
81fac800,s1,0
82900ae9,s1,0
829660a3,s1,0
82b57051,s1,0
82c716c9,s1,0
82e068e7,s2,0
82f56c88,s1,0
82fd3aa4,s2,0
8302519b,s1,0
830bcd82,s1,0
830fd637,s1,0
83106bb7,s1,0
8350baaa,s1,0
83580d98,s3,0
835bd5da,s4,0
836ffc6d,s2,0
837d8fbf,s1,0
8388ada9,s4,0
838ea4e1,s1,0
83a8a617,s4,0
83c41b11,s1,0
83f41842,s1,0
83fe4c4c,s1,0
83feb89f,s1,0
841bab23,s1,0
84296bc3,s1,0
8436b621,s4,0
84378eb1,s1,0
8451d49d,s1,0
845666ee,s1,0
84809276,s3,0
849ab1c2,s1,0
849d543e,s1,0
849fc03e,s1,0
84b1dc79,s1,0
84c411f6,s3,0
84c5e8e2,s4,0
84de0163,s1,0
8514f856,s1,0
85164a26,s1,0
8522e7e6,s1,0
8529345c,s1,0
85664405,s1,0
858e387c,s2,0
85ad02fe,s1,0
85b135e5,s1,0
85b9276c,s1,0
85b92b38,s1,0
85d3f04f,s3,0
85e1ae82,s1,0
85e86531,s1,0
860b5c5a,s1,0
86128052,s1,0
861cbbcb,s1,0
863061d9,s1,0
86378a2d,s1,0
864a2445,s2,0
864b9f73,s2,0
866251f8,s1,0
866663fe,s1,0
866a3389,s1,0
866d6145,s3,0
867a90d9,s1,0
8683bd6e,s1,0
869e2a55,s1,0
86c0a841,s1,0
86c8f78a,s4,0
86c9ef9f,s1,0
86db842b,s1,0
86ec9e63,s1,0
8712a992,s2,0
871411fa,s4,0
873710ec,s1,0
874df1d7,s1,0
877f86cc,s2,0
8783d038,s1,0
879b37a5,s1,0
87bbfc8e,s3,0
87caf6ca,s3,0
87cfae9e,s1,0
87d3a077,s3,0
87d4b0f2,s1,0
88192868,s1,0
882422bf,s1,0
883f6fba,s2,0
884d5944,s4,0
8854ff82,s1,0
886c77a8,s1,0
88b594d3,s1,0
88c844cd,s1,0
88f63fb4,s4,0
890fcf6a,s3,0
891286cc,s2,0
891750c4,s1,0
89340906,s1,0
89346fa1,s1,0
893aaacd,s1,0
8951fb92,s1,0
8963c5f7,s1,0
897cc848,s1,0
89924c85,s2,0
89b3a6eb,s1,0
89c3ae3b,s3,0
89c69802,s4,0
89f1fcaf,s1,0
8a0e781e,s1,0
8a0f16a0,s3,0
8a2693dc,s3,0
8a43ba99,s1,0
8a68438c,s1,0
8a87bfe2,s4,0
8a8c1f23,s1,0
8a9c816d,s1,0
8ab6f71a,s1,0
8abcb91e,s1,0
8ac08fe1,s1,0
8ac9767a,s1,0
8ad98ee2,s1,0
8afec964,s1,0
8b137fa0,s3,0
8b4eb8d8,s1,0
8b91743d,s2,0
8bace32a,s1,0
8bba6be4,s1,0
8bd01a38,s1,0
8bdeb681,s1,0
8bf41c22,s1,0
8c4303b6,s1,0
8c4387a6,s4,0
8c45288d,s2,0
8c50f66b,s2,0
8c741ae2,s1,0
8c8915af,s4,0
8ca82832,s2,0
8cc01d1d,s1,0
8cc2eaa7,s3,0
8ccc88b1,s1,0
8cda1d8e,s1,0
8cf3aa94,s1,0
8d013120,s1,0
8d44100e,s1,0
8d5c59c5,s1,0
8d6f7c8b,s2,0
8d734a79,s4,0
8d8d2eb5,s1,0
8d96f086,s1,0
8ded5228,s4,0
8defef89,s1,0
8e0341ee,s1,0
8e145c4e,s1,0
8e25594b,s2,0
8e6e06ac,s1,0
8e70bdc0,s3,0
8e86034b,s1,0
8ecf6a47,s4,0
8eeec71c,s2,0
8f04277e,s1,0
8f0b125b,s1,0
8f0cdb54,s1,0
8f1a1e5d,s1,0
8f5681d5,s3,0
8f577be3,s1,0
8f5e1c6c,s1,0
8f6ee872,s1,0
8f933d30,s1,0
8f994e8f,s1,0
8f9d91fb,s1,0
8f9e968c,s1,0
8fa39c79,s4,0
8fb38d4d,s1,0
8fc15b99,s1,0
8fc4d36c,s4,0
8fddd969,s1,0
8fe6eb22,s1,0
90035368,s1,0
900aa28b,s4,0
9021ee22,s1,0
9040685e,s1,0
905aa42f,s1,0
905c93c4,s2,0
9079922a,s1,0
90827fc9,s1,0
9090977e,s2,0
90918441,s4,0
90a45a01,s1,0
90d147ff,s4,0
90e51226,s4,0
90ee0d6b,s1,0
90f4b545,s1,0
910490b7,s1,0
912a3e6c,s1,0
91309440,s1,0
9152b228,s1,0
915a6363,s1,0
9175a960,s1,0
917a6180,s1,0
91ade0b5,s2,0
91b02390,s1,0
91d7dd16,s2,0
91fefa52,s3,0
920cf99c,s4,0
92430dae,s1,0
9244b549,s1,0
927f29de,s2,0
92977a65,s4,0
929eae8d,s1,0
92d08737,s4,0
92dfb3eb,s1,0
92e1220d,s1,0
92fc6ee5,s1,0
93129bbe,s1,0
931bc051,s1,0
932c3221,s1,0
9334f132,s4,0
9338d385,s1,0
93547353,s1,0
93665027,s2,0
937d8711,s1,0
93ca8e96,s2,0
93d58755,s4,0
93ec3cb0,s1,0
940616e9,s1,0
94222e49,s4,0
94301070,s0,0
945d9535,s1,0
947dad95,s1,0
94932f12,s2,0
94a0dfd5,s1,0
94b556bc,s3,0
94c847e8,s1,0
94cba32d,s2,0
94cbc288,s1,0
94d583c5,s1,0
94e2d0ae,s1,0
94f8249b,s2,0
9534e311,s2,0
953f626b,s1,0
958d9c84,s1,0
95989291,s1,0
959a58d8,s3,0
95b26cf8,s4,0
95c4ba2b,s4,0
95d0a8a0,s1,0
95db16fb,s1,0
95f9f8c4,s1,0
95fbc8f5,s1,0
962cf4cb,s3,0
964b2a5a,s1,0
966dd5f6,s3,0
966e8ac9,s3,0
96764982,s4,0
969dc5a8,s1,0
96a125b0,s2,0
96a51718,s4,0
96ba0ad6,s1,0
96ceac87,s1,0
96d1d2ee,s3,0
96d9343d,s1,0
96df120b,s1,0
96fed3fc,s4,0
970f2e93,s4,0
971f1fcd,s4,0
97280816,s1,0
9729a6b5,s2,0
9736d401,s1,0
9753db94,s1,0
97693fee,s1,0
976b795f,s1,0
9775bfd3,s2,0
978814f6,s1,0
979538da,s1,0
97bbea82,s1,0
97c40bf5,s4,0
97fd585d,s1,0
980565f4,s1,0
9808eef2,s1,0
980e02c6,s1,0
980e2856,s1,0
98153f94,s1,0
98235733,s1,0
9828fbe3,s1,0
982c0bb1,s4,0
985089cd,s1,0
9856b356,s4,0
985cb98b,s2,0
986decfd,s4,0
986eefa9,s3,0
988b9036,s1,0
98a56322,s2,0
98a9397b,s0,0
98a9de6f,s1,0
98dbc2a4,s2,0
9903d171,s1,0
9910fb1f,s1,0
9929e6a3,s1,0
992cfa62,s1,0
998f5f4f,s1,0
9991546d,s1,0
99abb58d,s1,0
99d4debd,s1,0
99e5458f,s1,0
9a03f424,s1,0
9a240faa,s1,0
9a509214,s1,0
9a56ba55,s3,0
9a65ff8d,s3,0
9a75984c,s1,0
9a79922b,s1,0
9a91d604,s1,0
9aadfdcf,s1,0
9acb8be8,s1,0
9aeebfd7,s1,0
9af479bb,s1,0
9b04c7a6,s1,0
9b0eb39c,s1,0
9b186ab3,s1,0
9b2135a8,s4,0
9b306739,s1,0
9b39cd9f,s1,0
9b426de4,s4,0
9b4bef61,s1,0
9b583ff4,s3,0
9b8e6514,s1,0
9ba65b97,s1,0
9bc67429,s1,0
9bd87401,s1,0
9be08c55,s1,0
9bfcb8d9,s1,0
9c109d43,s1,0
9c193532,s1,0
9c34b49b,s1,0
9c760e4f,s1,0
9c7e3711,s1,0
9c81e37f,s1,0
9ca73643,s1,0
9cc43d29,s1,0
9cc5a3d9,s1,0
9cc5b9fe,s1,0
9ccfa7bd,s1,0
9cd57547,s4,0
9cdeaa93,s1,0
9ce10435,s1,0
9ce479cf,s1,0
9cf6b0a0,s1,0
9d18e1d2,s1,0
9d1e2683,s1,0
9d2884fa,s1,0
9d2bcc02,s1,0
9d416eb5,s1,0
9d60f60a,s1,0
9d675f16,s1,0
9d72b7e5,s1,0
9d9f8e61,s1,0
9dabce2d,s1,0
9dbd12dc,s2,0
9dc1e788,s1,0
9ddc5410,s1,0
9ddf4030,s3,0
9de50b32,s2,0
9ded2c0e,s1,0
9df8a176,s2,0
9dfb6234,s4,0
9e12b2a9,s0,0
9e23e135,s1,0
9e2cb2be,s3,0
9e31aba4,s1,0
9e478bdc,s1,0
9e74cd2f,s1,0
9e82bf24,s1,0
9e85171c,s1,0
9e91638e,s2,0
9e962338,s1,0
9eb1c68e,s3,0
9ec3fc89,s3,0
9edecddd,s3,0
9ee7415c,s1,0
9eec4d02,s1,0
9f21afd2,s1,0
9f3535cd,s2,0
9f553c4c,s3,0
9f7488eb,s1,0
9f81c780,s1,0
9fdb8fb8,s1,0
9ffefc08,s1,0
a00d077a,s1,0
a0289042,s1,0
a03b745e,s1,0
a0500f88,s1,0
a062876d,s2,0
a073d05a,s3,0
a077cc31,s3,0
a0995c5d,s1,0
a09e4466,s1,0
a09efeac,s1,0
a0a0264f,s1,0
a0aec406,s1,0
a0c66f35,s1,0
a0e6bc37,s1,0
a0e8c31e,s1,0
a0f71305,s3,0
a0f97563,s4,0
a0fb38b6,s1,0
a10f9797,s1,0
a1115754,s1,0
a12f7feb,s1,0
a1364adb,s1,0
a13ffd45,s1,0
a14c4f8a,s3,0
a1553a9f,s1,0
a15d2ea1,s3,0
a16baab1,s1,0
a179985c,s1,0
a18b0eba,s1,0
a1925735,s4,0
a1a43ad4,s1,0
a1b23c99,s4,0
a1f55488,s4,0
a20de232,s1,0
a21a39f8,s4,0
a237ca82,s1,0
a23a3514,s2,0
a2598fe6,s2,0
a2609f67,s1,0
a275112b,s1,0
a275fe10,s1,0
a277f2ea,s3,0
a27d3929,s4,0
a2b06824,s1,0
a2bee868,s1,0
a2c898c7,s1,0
a2cfd4ec,s1,0
a2ea503b,s4,0
a2f0ea64,s1,0
a3379990,s1,0
a38e5609,s1,0
a396ce76,s1,0
a3b43389,s1,0
a3c140e5,s1,0
a3c70e39,s1,0
a3e839d0,s1,0
a3ebb758,s1,0
a4136173,s1,0
a4176d38,s1,0
a41c0852,s1,0
a4217051,s1,0
a4245831,s1,0
a436acc9,s2,0
a45cc256,s1,0
a45ecec4,s1,0
a46a58ca,s2,0
a46ef90f,s1,0
a4781b8e,s1,0
a478a2e6,s4,0
a47ce9e7,s3,0
a48ae450,s1,0
a4913392,s1,0
a49ba1d7,s1,0
a49d9153,s3,0
a4c38822,s1,0
a4c4018f,s1,0
a4c485f7,s2,0
a4d969b5,s1,0
a4e5718f,s1,0
a4fe6dca,s1,0
a52a270b,s1,0
a5418e0b,s4,0
a54bff8d,s1,0
a54f8950,s1,0
a55e3771,s1,0
a5638061,s3,0
a563ce4c,s1,0
a577255a,s3,0
a5920d73,s3,0
a59b4797,s4,0
a5d72b3a,s1,0
a5d9f83b,s1,0
a5da02c5,s4,0
a5f58ce6,s4,0
a5ff3d2d,s1,0
a6064fd4,s1,0
a62c6be4,s3,0
a62d36e8,s2,0
a64922a0,s1,0
a64b86ef,s1,0
a67b9fb8,s1,0
a6d39a81,s1,0
a6ec8624,s1,0
a6f4f226,s1,0
a6f83698,s1,0
a6f93105,s3,0
a712acf9,s1,0
a713f3c2,s1,0
a74e5646,s1,0
a74eeac7,s1,0
a778be11,s2,0
a789a11e,s3,0
a7907aa7,s3,0
a79ac5bb,s1,0
a79eb211,s1,0
a7c17943,s1,0
a7da09f9,s3,0
a7f90a65,s1,0
a804d1f9,s1,0
a80feca8,s1,0
a817e7d6,s1,0
a818eb42,s1,0
a8653228,s1,0
a8a6bfee,s4,0
a8c3b27d,s1,0
a8d0fd97,s1,0
a8e118ab,s2,0
a8fa6028,s1,0
a93a5526,s3,0
a93f8745,s4,0
a952c4e0,s1,0
a9547a37,s1,0
a955efb3,s1,0
a97664c3,s4,0
a991a0fd,s1,0
a993f87f,s1,0
a9c28b46,s2,0
a9c85795,s3,0
a9f5df96,s2,0
a9f86880,s4,0
aa105867,s2,0
aa14bb4f,s4,0
aa1b45e2,s1,0
aa4271c8,s1,0
aa4a0082,s3,0
aa4e6f97,s2,0
aa55947f,s4,0
aa659341,s1,0
aa730c97,s1,0
aaa55fc7,s1,0
aab0f555,s1,0
aabf8bab,s1,0
aad3c8e3,s4,0
ab09d76b,s1,0
ab15f4ec,s3,0
ab164eec,s1,0
ab21b746,s1,0
ab311fa4,s1,0
ab3951d4,s2,0
ab42a9ce,s3,0
ab4b3696,s3,0
ab531367,s1,0
ab7d5db6,s1,0
ab818e25,s1,0
ab86de5d,s1,0
ab994bb3,s1,0
abdb7c2f,s1,0
abddae11,s1,0
abf7fb9a,s1,0
ac202430,s1,0
ac24e4a0,s1,0
ac3acdb4,s1,0
ac423d8d,s3,0
ac42b928,s1,0
ac6609a0,s1,0
ac75c856,s1,0
ac7abb4b,s1,0
ac8c9050,s3,0
ac943d7b,s1,0
ac9db3b9,s1,0
acade5c0,s1,0
acdb8c1c,s4,0
ace006de,s1,0
ace586f5,s1,0
ad0357ed,s4,0
ad0e6946,s1,0
ad1c1d46,s1,0
ad28bf0c,s1,0
ad353749,s1,0
ad3df68b,s1,0
ad51392c,s1,0
ad8806b8,s1,0
adab4c08,s1,0
adb3cab7,s1,0
adc125b9,s2,0
adcfdbe1,s1,0
ade266fd,s1,0
adf44e9b,s1,0
ae0b3e8e,s1,0
ae2cd8fa,s1,0
ae341cce,s1,0
ae4d81d3,s4,0
aea053e0,s1,0
aed889b5,s1,0
af054027,s4,0
af4d369a,s1,0
af64bd75,s2,0
af653c59,s1,0
af757932,s1,0
afa2496a,s1,0
afe46b7a,s2,0
b009b632,s1,0
b019325c,s1,0
b02cfc7c,s1,0
b0392df9,s1,0
b068d6ec,s1,0
b07ffab5,s1,0
b0842b0e,s4,0
b0891f78,s1,0
b08ae624,s1,0
b0977ff8,s1,0
b0f34d10,s3,0
b0fa60ef,s2,0
b11f9d4d,s1,0
b11fc68a,s4,0
b121e22a,s1,0
b1341e7b,s3,0
b1542298,s1,0
b15dcef6,s1,0
b1948374,s3,0
b1a7a642,s1,0
b1aef857,s1,0
b1d87dc3,s2,0
b1f4b03d,s2,0
b1f55824,s1,0
b225801f,s1,0
b23b3bfb,s2,0
b23dac89,s1,0
b24c29dc,s1,0
b25a18ea,s3,0
b25b7209,s1,0
b2604ae8,s1,0
b26e1abf,s1,0
b2815f96,s1,0
b291ba77,s1,0
b2a46e93,s1,0
b2e05d73,s1,0
b2f8e0d9,s1,0
b3106f00,s4,0
b31a2211,s3,0
b32e4734,s1,0
b33c8cc6,s1,0
b33fd807,s1,0
b3450a53,s4,0
b3542229,s1,0
b359ef0e,s1,0
b35b7996,s1,0
b364d8e8,s1,0
b369308c,s1,0
b377da18,s1,0
b3787a8e,s2,0
b37bed73,s4,0
b37f579c,s1,0
b384b8c7,s1,0
b38d580a,s1,0
b393aec6,s1,0
b3b69b81,s3,0
b3b7da89,s1,0
b3d74dea,s2,0
b3dd9303,s1,0
b3df35f1,s1,0
b430c95b,s1,0
b4533683,s3,0
b46624b0,s1,0
b46fd4b8,s1,0
b471187b,s1,0
b478b8b7,s2,0
b479bedc,s1,0
b47d6fc4,s1,0
b48655b3,s1,0
b49a909a,s1,0
b4a128fd,s1,0
b4b565f9,s3,0
b4e3fc46,s1,0
b4f55243,s1,0
b4f6fe7d,s1,0
b4f90475,s1,0
b50a480f,s1,0
b51add86,s2,0
b52271e3,s1,0
b52853f4,s1,0
b54cc8eb,s1,0
b5583f54,s1,0
b55cfdf9,s1,0
b56a1a99,s1,0
b58f5649,s1,0
b5a5433e,s1,0
b5abc8ad,s4,0
b5bb4ff3,s1,0
b5cffd68,s1,0
b5e4b5d9,s1,0
b5f38023,s1,0
b5fca2f9,s1,0
b60ec19e,s4,0
b61d8457,s1,0
b62a6195,s1,0
b62f655f,s1,0
b6d73f6b,s1,0
b6e4562d,s2,0
b6ed6b4e,s1,0
b6ffab5c,s1,0
b70e4956,s1,0
b7197218,s1,0
b740891c,s1,0
b74413fe,s1,0
b78242f5,s3,0
b7859a08,s1,0
b799f0f1,s3,0
b7a19ece,s1,0
b7ba9de5,s3,0
b7bb9af9,s1,0
b7f6528a,s3,0
b7fd0014,s1,0
b81319ae,s1,0
b81aec0e,s2,0
b828cfce,s2,0
b82aa3d0,s2,0
b83511dd,s1,0
b83bf5a5,s4,0
b864d50c,s1,0
b88461ec,s1,0
b8acfa86,s1,0
b8af201e,s1,0
b8c0c5ae,s1,0
b90f7d24,s3,0
b93ed987,s3,0
b95c3395,s1,0
b96ae6ce,s1,0
b97e9ad6,s1,0
b9883deb,s3,0
b993f3f0,s1,0
b99680fe,s3,0
b99b71cf,s2,0
b9b27194,s3,0
b9d00185,s1,0
b9e97ed9,s1,0
ba099d79,s1,0
ba0e0676,s3,0
ba303d3d,s4,0
ba35ba24,s4,0
ba390bae,s1,0
ba76323b,s2,0
ba77f1e6,s1,0
ba8635bb,s1,0
ba897543,s2,0
ba9fa082,s1,0
baa3ef18,s3,0
baa6929e,s2,0
bab71441,s1,0
babdec9d,s1,0
bac44430,s0,0
bae55fa4,s3,0
baf37589,s1,0
bb00d86d,s1,0
bb0fb115,s1,0
bb10af51,s1,0
bb167c6b,s1,0
bb4a678a,s1,0
bb50304d,s1,0
bb634a12,s1,0
bb70e847,s1,0
bb990376,s1,0
bbab3113,s4,0
bbe0444f,s1,0
bbe1c310,s1,0
bbe26892,s1,0
bbe79ace,s3,0
bbf5caa5,s1,0
bbf93bdb,s1,0
bc050f7c,s1,0
bc323047,s1,0
bc4e0045,s1,0
bc55d413,s1,0
bc643a18,s3,0
bca3489a,s1,0
bcb4584c,s1,0
bcc5d45e,s3,0
bcccd61e,s4,0
bcd48afc,s1,0
bcdbfd71,s1,0
bd05c924,s1,0
bd3dbe5c,s1,0
bd45dd76,s1,0
bd5100f3,s1,0
bda35088,s1,0
bdab2784,s1,0
bdd833f3,s1,0
bddb02e5,s1,0
bde09018,s3,0
bde76633,s1,0
bdfad87c,s1,0
be105937,s1,0
be1a33dd,s1,0
be1b68b9,s1,0
be1dd2b1,s1,0
be25a703,s1,0
be284f80,s1,0
be35c34e,s1,0
be5849a1,s1,0
be70e898,s1,0
be7b71ec,s1,0
be9a6f25,s1,0
beabc1a1,s1,0
beb0b810,s1,0
beb31c6a,s1,0
bec62550,s3,0
bec650f3,s1,0
bedf98b8,s1,0
bee4224e,s1,0
bee426e7,s3,0
beec366e,s1,0
bf233f23,s1,0
bf2ef18c,s1,0
bf2ffc89,s1,0
bf3bbca7,s3,0
bf4db616,s1,0
bf6c5b96,s2,0
bf76577e,s1,0
bf782fe6,s1,0
bf906bbf,s1,0
bf9ca008,s1,0
bfaa3a46,s1,0
bfaa5271,s1,0
bfba7106,s1,0
bfc1b8c3,s2,0
bfd7b96a,s1,0
bfe42ce0,s1,0
bff5db8c,s1,0
c014c8b5,s2,0
c021b7c2,s3,0
c028b18c,s2,0
c0370332,s4,0
c03800fe,s4,0
c041f4a6,s1,0
c05720ff,s1,0
c062c1e5,s4,0
c064f6a2,s1,0
c0964003,s1,0
c0971b91,s1,0
c0a95ea4,s1,0
c0de286c,s1,0
c0e0354d,s3,0
c0e29597,s1,0
c0f291e0,s1,0
c1046457,s3,0
c120ef79,s1,0
c12e5057,s1,0
c148003d,s4,0
c1552cff,s1,0
c15bf5fd,s1,0
c15fb28c,s2,0
c182e243,s2,0
c18bd13a,s3,0
c199bd2d,s4,0
c19b35d6,s1,0
c1ce28a2,s1,0
c1e72ff2,s3,0
c20f1c62,s4,0
c21c50f9,s1,0
c241cafb,s3,0
c28b5fda,s2,0
c2c47369,s1,0
c2d6b6af,s3,0
c2d89eb5,s4,0
c30cc44d,s1,0
c3410dca,s1,0
c34fe033,s1,0
c35fa059,s1,0
c36626d5,s1,0
c372a1b7,s1,0
c375c2ea,s1,0
c38624c9,s1,0
c38d130e,s1,0
c394e849,s1,0
c3a50153,s4,0
c3c0f780,s1,0
c3ea0f90,s1,0
c3eebf41,s3,0
c41cc375,s3,0
c42c7509,s4,0
c4313ca5,s1,0
c4915d21,s1,0
c4b415d8,s1,0
c4cc2294,s1,0
c4e3f0e0,s1,0
c4f43d51,s1,0
c50cb2a9,s1,0
c53076e5,s1,0
c533707c,s4,0
c544fde7,s3,0
c55854c0,s1,0
c566309e,s1,0
c592621c,s3,0
c5e15a3e,s1,0
c5f83f1d,s1,0
c6118cc7,s1,0
c6145560,s1,0
c61d11f6,s1,0
c633d04c,s2,0
c63cad2f,s1,0
c6448487,s1,0
c64a0610,s1,0
c6623f59,s2,0
c68866e5,s1,0
c68b7fde,s1,0
c6a44922,s4,0
c6a4a51a,s3,0
c6ac2095,s4,0
c6b0697a,s1,0
c6c435d9,s1,0
c6c84f29,s1,0
c6d58113,s1,0
c6d8edeb,s1,0
c6e11d0d,s1,0
c6ffa4c3,s3,0
c71dcae0,s1,0
c7238f1a,s1,0
c726bd76,s2,0
c7427467,s4,0
c74c332b,s1,0
c74f6dfe,s3,0
c7797e29,s1,0
c79307c6,s1,0
c7936fbe,s1,0
c79706c9,s1,0
c79e8dd9,s3,0
c7cbb342,s1,0
c7f0b567,s1,0
c7ffc57f,s1,0
c7ffe2ae,s1,0
c8037b78,s1,0
c82eee5e,s4,0
c854375b,s4,0
c8681c81,s1,0
c86d88dd,s2,0
c88d6e5e,s1,0
c8a0d76d,s1,0
c8b99328,s1,0
c8c0b094,s1,0
c8d39930,s2,0
c8eaee0e,s1,0
c8f3495f,s1,0
c8f62532,s1,0
c8fb47e5,s3,0
c902f4ec,s1,0
c909e28b,s1,0
c916f21c,s1,0
c91d8f3f,s1,0
c930aa00,s4,0
c9472a76,s1,0
c977e78c,s1,0
c977ea84,s1,0
c98315f0,s2,0
c983e565,s1,0
c993e7e4,s1,0
c9962b67,s1,0
c99c3eec,s3,0
c99dba4a,s1,0
c99fa0a7,s1,0
c9d175d2,s1,0
ca10b0a6,s2,0
ca182344,s2,0
ca1d7b87,s1,0
ca2e930c,s2,0
ca39e4f7,s1,0
ca448178,s1,0
ca44f983,s1,0
ca4eebfa,s1,0
ca565d6f,s1,0
ca5ab8b9,s1,0
ca6276c2,s4,0
ca753a6a,s1,0
ca82e2b8,s3,0
ca83a7f1,s1,0
ca900c10,s1,0
cab6440d,s1,0
caeb40b6,s1,0
caf55f65,s3,0
caf6a2f3,s1,0
cb0f0254,s1,0
cb2a9f2b,s1,0
cb36030e,s2,0
cb364e10,s1,0
cb3c3281,s1,0
cb4071a3,s2,0
cb4d7e8f,s3,0
cb59ad25,s1,0
cb74ca8c,s1,0
cb7dfbf3,s1,0
cb7f41a3,s1,0
cb94afdd,s1,0
cb9ff3c8,s1,0
cbb97b98,s3,0
cbc01bca,s4,0
cbd7d8f3,s2,0
cbd863e8,s2,0
cbe3d6f1,s1,0
cbe7fe58,s1,0
cbeda991,s1,0
cbf35cf5,s1,0
cc1f2fc2,s1,0
cc2166e9,s1,0
cc3f0815,s1,0
cc5991c2,s1,0
cc88517c,s1,0
cc8b9328,s0,0
cca6e35e,s1,0
ccc9863d,s1,0
ccdbe24e,s4,0
ccfafcdf,s1,0
ccfbd44e,s1,0
cd325359,s1,0
cd3eb686,s1,0
cd443b60,s1,0
cd4ab955,s2,0
cd4eae57,s4,0
cd5d47e6,s1,0
cd728cac,s1,0
cd8818fe,s1,0
cda36e19,s2,0
cdbd0922,s1,0
cdbd79a3,s1,0
cdbd97f9,s4,0
cdc06305,s1,0
cdeee7a4,s1,0
cdf39ac0,s4,0
cdffbc4e,s4,0
ce0dac4e,s1,0
ce1b04ce,s1,0
ce30b2d7,s1,0
ce36d9ab,s1,0
ce492b63,s1,0
ce4f5c39,s2,0
ce5403bf,s4,0
ce792827,s1,0
ce942d8f,s1,0
cea11afe,s1,0
ceb66ef6,s1,0
ceba8850,s1,0
cec0597a,s1,0
cf0022c6,s3,0
cf14ce56,s1,0
cf269688,s1,0
cf458cdc,s2,0
cf4ad71f,s1,0
cf4b58e9,s1,0
cf4dac14,s1,0
cf660bdd,s3,0
cf70906b,s1,0
cf7e9097,s1,0
cf822ee5,s1,0
cf8508ba,s1,0
cf85c481,s2,0
cf8dd090,s1,0
cf8f8684,s1,0
cf9148a1,s1,0
cf9b88f7,s1,0
cfa0fe76,s1,0
cfac7c41,s2,0
cfb56f39,s3,0
cfc2311b,s1,0
cfdddacc,s1,0
cfe32518,s2,0
cffda02b,s2,0
d0021797,s3,0
d03165ed,s1,0
d048521c,s1,0
d067c4ba,s1,0
d06c3da5,s1,0
d07bcadb,s1,0
d0803b4c,s3,0
d0996ab2,s3,0
d0a41f0f,s1,0
d0a867da,s2,0
d0c91abe,s1,0
d1069cc1,s1,0
d1121ea2,s1,0
d11559d5,s1,0
d16b69d9,s1,0
d16dc6c8,s1,0
d17b0af4,s1,0
d184ffbe,s1,0
d1ac9655,s1,0
d1bb4aba,s1,0
d1c1ac75,s1,0
d211e1d6,s1,0
d2150fec,s2,0
d2657cb2,s1,0
d26aa255,s1,0
d2807c20,s1,0
d2999c08,s1,0
d2afec09,s3,0
d2c8819b,s1,0
d2d71246,s1,0
d2e79d79,s3,0
d30b4841,s1,0
d30ceb80,s2,0
d3437773,s1,0
d34ef373,s1,0
d3537046,s1,0
d35bbb21,s3,0
d382176d,s4,0
d3bda854,s1,0
d3bef2e2,s3,0
d3bf18b3,s3,0
d3d6e140,s1,0
d4004178,s1,0
d40bb7f4,s1,0
d4223cb4,s2,0
d44cea5c,s1,0
d44d27d4,s1,0
d45b420b,s1,0
d46418f3,s1,0
d4706109,s1,0
d49b9b82,s1,0
d49fec88,s1,0
d4a89d52,s3,0
d4cf1a34,s1,0
d4ddf418,s1,0
d4df18b6,s1,0
d4f3bf8a,s1,0
d4fcb23e,s3,0
d51e5e75,s1,0
d549107d,s1,0
d55c45d6,s1,0
d56527f2,s4,0
d568c333,s1,0
d58a84b0,s1,0
d58b33d5,s1,0
d5b0069c,s2,0
d5b1fb65,s1,0
d5cc4c0b,s1,0
d5d58de6,s1,0
d5d85e22,s1,0
d5e24641,s1,0
d6039fa4,s1,0
d611579e,s1,0
d61ae3cf,s2,0
d6232828,s4,0
d627ff35,s1,0
d62f203a,s1,0
d6330434,s3,0
d66f9b77,s1,0
d681b847,s1,0
d6845aa2,s3,0
d6877055,s2,0
d688e8f0,s3,0
d69ba757,s1,0
d6a85317,s1,0
d6a9e674,s1,0
d6b72275,s3,0
d6dca20a,s1,0
d6f66b59,s2,0
d704ddb6,s4,0
d7073bbd,s1,0
d70dbbcd,s1,0
d715057c,s1,0
d72b0d8f,s1,0
d7590d50,s2,0
d7b45f4a,s1,0
d7ba2221,s3,0
d7c5130e,s1,0
d7e6a415,s1,0
d7f6ed48,s1,0
d7f98bd8,s1,0
d80491ab,s1,0
d8113ca0,s1,0
d815a66f,s2,0
d81d2ba2,s4,0
d82046f1,s3,0
d8389445,s2,0
d839f293,s1,0
d8476f0e,s1,0
d85b52e1,s1,0
d863049c,s1,0
d8818dde,s1,0
d8a82c9e,s3,0
d8b29fe2,s3,0
d8d6fbf4,s1,0
d8f54f43,s1,0
d8f83725,s1,0
d9085b9c,s1,0
d925700e,s2,0
d92b69fd,s1,0
d956552c,s3,0
d95ae95b,s1,0
d96b9c70,s2,0
d97cd53b,s1,0
d9849450,s4,0
d9864a0b,s4,0
d98a385a,s2,0
d99b1081,s1,0
d99c875f,s1,0
d99f00ed,s1,0
d9af61ee,s1,0
d9afe400,s1,0
d9b4499d,s1,0
d9b641be,s1,0
d9c2f2ee,s1,0
d9fc331b,s2,0
da011bb1,s1,0
da0149e3,s1,0
da0a433e,s1,0
da109cb1,s1,0
da181bb6,s1,0
da2ef1a9,s1,0
da3d90d6,s1,0
da5606ae,s1,0
da5c5505,s1,0
da66fd90,s1,0
dacfbbcf,s1,0
daec175b,s1,0
dafd6073,s3,0
db055105,s1,0
db13fa86,s1,0
db1c4230,s1,0
db2e12ca,s3,0
db39dc43,s1,0
db4c5999,s1,0
db5e3699,s1,0
db8d5dc1,s3,0
db988d37,s2,0
dba248e1,s1,0
dba70dc9,s1,0
dbc9ed9c,s1,0
dbd64704,s4,0
dbde3ba8,s1,0
dbe995ff,s1,0
dbf94eb3,s3,0
dc3c103d,s0,0
dc7e7c7d,s1,0
dc82673d,s1,0
dca8a45f,s1,0
dd22fa18,s2,0
dd2c2892,s1,0
dd2d0a63,s1,0
dd3936af,s1,0
dd852629,s1,0
dd8a71b9,s1,0
dd8b08d1,s1,0
dd8bd800,s4,0
ddb7d4dc,s1,0
ddd079de,s1,0
dde63276,s1,0
ddea779f,s1,0
ddee91ab,s4,0
ddfa8fff,s2,0
de0364b7,s1,0
de1fbb32,s4,0
de29dc7f,s1,0
de2a1fb9,s1,0
de5191a2,s1,0
de6369cd,s1,0
de639c23,s3,0
de7c0e8a,s1,0
de975f74,s1,0
de9bf2e0,s1,0
dec3633d,s2,0
dedba0fb,s1,0
df23a933,s1,0
df427f48,s1,0
df882189,s2,0
df909eda,s1,0
df9bc7b9,s1,0
df9fd631,s1,0
dfd40c4f,s1,0
dfe1164f,s1,0
dfe23a6e,s1,0
dfef4082,s1,0
e0016894,s1,0
e0048822,s1,0
e009a3e2,s3,0
e011af31,s1,0
e02f13e0,s4,0
e035453d,s4,0
e0495755,s2,0
e06302ae,s4,0
e083256c,s2,0
e0b06482,s1,0
e0bc4fac,s1,0
e0c72b02,s1,0
e0c8fa45,s1,0
e0c92dfd,s2,0
e0cf1443,s4,0
e12387d6,s4,0
e13b8617,s2,0
e17bf25c,s1,0
e1845d68,s3,0
e1abf7dc,s4,0
e1ad7fae,s1,0
e1b2c5fa,s1,0
e1d81559,s4,0
e1deeb85,s2,0
e212c119,s1,0
e23d793a,s1,0
e259f9c4,s3,0
e26752ad,s1,0
e2768e90,s4,0
e2bf18dd,s1,0
e2c584e9,s3,0
e2f7b25a,s1,0
e3020e1b,s1,0
e308a862,s2,0
e30b7e36,s1,0
e30e6424,s1,0
e3359934,s3,0
e352bbbf,s2,0
e3614e72,s1,0
e36f635a,s1,0
e384c002,s1,0
e386c198,s1,0
e3ada1bb,s1,0
e3b19830,s1,0
e3b474c8,s2,0
e3b4cf03,s4,0
e3be54c2,s1,0
e42ee4d1,s1,0
e46eb25d,s1,0
e477d23f,s4,0
e481075f,s1,0
e495587b,s2,0
e49b5a1c,s1,0
e4acf638,s3,0
e4b621e5,s1,0
e4b8f694,s2,0
e4f12c75,s3,0
e4f1c002,s1,0
e4f88774,s4,0
e4f9c315,s1,0
e550171f,s1,0
e556db20,s1,0
e55f2e3f,s1,0
e57e626b,s1,0
e5885105,s1,0
e58cf3b7,s1,0
e599be82,s1,0
e5cecd28,s1,0
e5d0b0f2,s4,0
e5d2823c,s1,0
e5d88c4c,s1,0
e5ed9937,s1,0
e5f53bf1,s3,0
e609706b,s1,0
e61d65d6,s1,0
e62d21d3,s4,0
e64e4904,s4,0
e669c927,s2,0
e673ece7,s1,0
e6a43c8b,s1,0
e6ae9dfc,s1,0
e6bfd5eb,s1,0
e6cc543f,s1,0
e6ed34ee,s1,0
e6eff826,s3,0
e70cdb0e,s4,0
e71249f3,s1,0
e727eeb1,s4,0
e73ba586,s2,0
e73fb7d3,s1,0
e74d7a11,s3,0
e77ef989,s1,0
e7a439ba,s1,0
e7c6df08,s1,0
e7cb0b51,s4,0
e7d46876,s1,0
e7dd3cb7,s1,0
e80438d1,s1,0
e80be282,s1,0
e84957ab,s1,0
e86ea266,s1,0
e87b26f8,s1,0
e87e6ea1,s1,0
e8b31979,s1,0
e8bb9e90,s3,0
e8c4e03f,s3,0
e8e54d1a,s1,0
e8e96772,s1,0
e8f351a7,s1,0
e8f69749,s1,0
e90488c4,s1,0
e904fd20,s1,0
e90abf0d,s1,0
e90cfd3d,s1,0
e9112f06,s1,0
e920fb28,s1,0
e92b3918,s2,0
e92ba41a,s1,0
e930fcf5,s1,0
e9332e0e,s1,0
e948a921,s1,0
e9557595,s1,0
e9673a26,s1,0
e987a0df,s3,0
e98b3c56,s1,0
e9bac295,s1,0
e9cb44a8,s1,0
e9d99126,s1,0
e9dece3e,s3,0
ea24cec1,s1,0
ea2c11cd,s2,0
ea2cdb02,s1,0
ea2e66d8,s2,0
ea4a63ab,s1,0
ea4b15f5,s1,0
ea5ee996,s1,0
ea7bb99f,s1,0
ea8e733b,s1,0
eaa3ddee,s3,0
eac5b172,s1,0
eae3ace0,s2,0
eaff5ffa,s1,0
eb22f28a,s3,0
eb24dc8d,s1,0
eb26df6f,s4,0
eb271124,s1,0
eb2ffbea,s1,0
eb58c727,s1,0
eb7a9856,s1,0
eb85a5c1,s4,0
eba9406c,s1,0
ebb4d454,s1,0
ebbbc207,s4,0
ebd2ddaa,s1,0
ebdcfc21,s4,0
ebdda431,s1,0
ebefd2ce,s1,0
ebf44f89,s2,0
ebf87117,s1,0
ec481f0e,s1,0
ec7c71ad,s4,0
ec7dd51f,s1,0
ec8d5d39,s1,0
eca81f02,s1,0
ecb31d62,s1,0
ecb3ff17,s1,0
ecbebecc,s1,0
ecdc81c5,s1,0
ecf01a1a,s1,0
ed33be23,s1,0
ed3e8754,s1,0
ed4ddaf6,s3,0
ed9a8434,s2,0
ed9acb4d,s1,0
edb495c0,s3,0
edd1f1ae,s3,0
edfd10df,s1,0
ee1d64a3,s3,0
ee20f0c4,s1,0
ee287b41,s1,0
ee70450c,s2,0
ee74eb07,s1,0
eeaa2ece,s1,0
eec629c6,s1,0
eecdbff9,s2,0
eedd8c93,s1,0
eee769a9,s1,0
ef20be1e,s1,0
ef36390a,s1,0
ef3e29fd,s3,0
ef442ef8,s1,0
ef488946,s1,0
ef509860,s1,0
ef5e2344,s1,0
ef6dc3e4,s1,0
ef81a55a,s1,0
ef9212ac,s1,0
efb10961,s1,0
efe520bc,s3,0
eff83a0e,s4,0
effbb387,s3,0
f004fdb9,s1,0
f01275d2,s1,0
f01a6237,s4,0
f01ed37b,s1,0
f021aea7,s1,0
f032b066,s1,0
f03dcc3d,s1,0
f049d982,s1,0
f0626e8f,s1,0
f0646814,s2,0
f07572fd,s1,0
f07f5cd0,s1,0
f0d3e570,s1,0
f0d40dab,s1,0
f0dae4be,s1,0
f1145af3,s1,0
f15abbd2,s1,0
f17da2f7,s1,0
f18410ea,s1,0
f1890edd,s1,0
f18c63a0,s1,0
f193e000,s1,0
f196d34c,s2,0
f1c35aeb,s1,0
f26a791b,s3,0
f2734e7b,s1,0
f28b4ab0,s1,0
f295bbfd,s2,0
f29b4bf3,s2,0
f2b84b2a,s1,0
f2d2956c,s1,0
f2eeed14,s4,0
f313f107,s1,0
f325c19b,s1,0
f3298d68,s2,0
f34dc122,s1,0
f3845a54,s1,0
f38cd94b,s1,0
f390712c,s4,0
f3a257d0,s3,0
f3c183c1,s1,0
f3df86ed,s1,0
f453303d,s3,0
f461ea43,s2,0
f46b8a68,s3,0
f46b9a6f,s1,0
f492e826,s1,0
f4984881,s2,0
f4c27a6b,s1,0
f4de25bc,s1,0
f50b0395,s2,0
f5101a75,s1,0
f51d2655,s1,0
f51f19f4,s1,0
f51f312a,s3,0
f53f1dd6,s1,0
f5423479,s1,0
f548144b,s1,0
f556d451,s1,0
f574415f,s4,0
f590690e,s3,0
f5a41d5c,s1,0
f5a86d8e,s1,0
f5af4b2f,s2,0
f5c63093,s4,0
f5cb2031,s4,0
f5dfbe5a,s1,0
f5e88d0e,s1,0
f5f7f676,s0,0
f610dadb,s3,0
f63540c3,s1,0
f6366e9c,s4,0
f649e19f,s1,0
f65b0ea1,s1,0
f65ce0e7,s1,0
f66c33ed,s1,0
f677ac47,s2,0
f67f1a6f,s1,0
f6819666,s1,0
f690db4a,s1,0
f6a2055f,s1,0
f6da2b59,s1,0
f6eb6fc0,s1,0
f7109c03,s3,0
f724b52b,s1,0
f740139a,s1,0
f74eb0c6,s1,0
f7518930,s1,0
f75696be,s1,0
f7763709,s1,0
f7805a33,s1,0
f7841ff8,s1,0
f785d880,s3,0
f7d4022a,s2,0
f7ea2899,s1,0
f7f440d1,s3,0
f827a5d9,s1,0
f84ce0dd,s2,0
f84cef5a,s1,0
f86104a4,s1,0
f86c6f6a,s4,0
f87cfdf6,s1,0
f88057a6,s1,0
f88570bc,s1,0
f89ef600,s1,0
f8a7e315,s1,0
f8acd0ae,s2,0
f8b2a73c,s1,0
f8dd0503,s2,0
f8e401af,s1,0
f8e886d7,s1,0
f8ea1b5a,s2,0
f9097550,s2,0
f918c20c,s1,0
f94c382f,s1,0
f953a9cb,s2,0
f959fb17,s3,0
f95b3344,s4,0
f9731fc2,s4,0
f97649d4,s1,0
f988b72b,s1,0
f996356b,s1,0
f9964e28,s1,0
f9973dcc,s2,0
f99ec954,s1,0
f9ca357a,s1,0
f9cb581e,s1,0
fa0d5dc7,s1,0
fa474097,s1,0
fa47b359,s4,0
fa538846,s1,0
fa54e5b2,s1,0
fa5529db,s3,0
fa6391f7,s1,0
fa7e0924,s2,0
fa802fa5,s1,0
fa9607a1,s2,0
fa9a8b35,s4,0
fa9a9c1d,s1,0
faa86f11,s4,0
fabadd86,s1,0
fb10a828,s1,0
fb1ae127,s1,0
fb1b919e,s4,0
fb1e7a5f,s1,0
fb231082,s1,0
fb44434c,s1,0
fb49f43d,s1,0
fb678e83,s4,0
fb79d756,s3,0
fb7bd9d4,s1,0
fb7e9875,s1,0
fb899fd1,s1,0
fb94b073,s1,0
fbd7def0,s3,0
fbe6e570,s1,0
fbead195,s1,0
fc3959c1,s1,0
fc972ac1,s3,0
fca38165,s3,0
fcc97e22,s1,0
fcfdb05d,s4,0
fd0d7353,s1,0
fd0ff771,s1,0
fd38e209,s1,0
fd4731db,s1,0
fd4b05a7,s1,0
fd53dc5a,s3,0
fd796a1d,s1,0
fd9a6324,s1,0
fd9b83a0,s4,0
fd9b96eb,s1,0
fda69adc,s1,0
fdcce134,s1,0
fdcf7fef,s1,0
fdd75001,s1,0
fddd60b8,s3,0
fdde37d7,s1,0
fdfb550d,s1,0
fe17843a,s2,0
fe2fde5f,s3,0
fe428ab1,s3,0
fe42a987,s1,0
fe45aa33,s1,0
fe504d17,s4,0
fe5980d8,s1,0
fe66a346,s1,0
fe68f31b,s1,0
fe96d4dd,s1,0
fe9b0514,s2,0
fea29475,s1,0
fea883d8,s1,0
feab68ba,s3,0
feb1e888,s3,0
feb6dc99,s1,0
fec53ee3,s1,0
fee3805e,s1,0
feea9f41,s4,0
fefabe4a,s1,0
ff7ca16d,s1,0
fface2f4,s3,0
ffc62332,s1,0
ffdda14f,s1,0
00394ea7,s1,0
004afe29,s1,0
0094067f,s1,0
015e3839,s1,0
015faf16,s1,0
01db96ac,s1,0
0217df8d,s1,0
022fd959,s1,0
02359c31,s1,0
0252d257,s1,0
02d8d7e2,s1,0
032e3e45,s1,0
03c7c548,s1,0
0466408f,s1,0
04823aef,s1,0
04bc363a,s1,0
050854c3,s1,0
051c58f6,s1,0
0577d600,s1,0
05860cbe,s1,0
058b5fdc,s1,0
0612a8db,s1,0
062efda4,s1,0
065ee4f8,s1,0
0766c158,s1,0
078ff65c,s1,0
07c2db35,s1,0
07e00b6d,s1,0
07e4362e,s1,0
0828732b,s1,0
0836e5d5,s1,0
083be205,s1,0
08769da8,s1,0
08d367df,s1,0
091f20e6,s1,0
095afcb0,s1,0
097661bf,s1,0
09ac5e65,s1,0
0a2b8f45,s1,0
0a6dfaf0,s1,0
0a9132c8,s1,0
0aa6336a,s1,0
0af32e41,s1,0
0bd571f8,s1,0
0becf361,s1,0
0c925937,s1,0
0ca4cbc7,s1,0
0cf0b9a0,s1,0
0d9229bd,s1,0
0de88e14,s1,0
0df257c4,s1,0
0e059656,s1,0
0e43db15,s1,0
0e94f262,s1,0
0edd0864,s1,0
0eecced4,s1,0
0ef40d8e,s1,0
0ef9a86d,s1,0
0f0ff923,s1,0
0f407003,s1,0
0f632dc7,s1,0
0fb69d5a,s1,0
0fb73402,s1,0
0fc08fa3,s1,0
1003709c,s1,0
1027cb35,s1,0
11199eb0,s1,0
1120c250,s1,0
112307f1,s1,0
11560081,s1,0
1180b065,s1,0
118c80f9,s1,0
11b4024b,s1,0
11c714a4,s1,0
1230e55b,s1,0
1233aeda,s1,0
12988eaa,s1,0
12c9e70d,s1,0
12dfff42,s1,0
12ef7ccf,s1,0
137f87dd,s1,0
13e43321,s1,0
1404f662,s1,0
14152ced,s1,0
15c112df,s1,0
166a727b,s1,0
16982115,s1,0
16b1b577,s1,0
16b97ef1,s1,0
16d8d8cc,s1,0
17786a23,s1,0
18b3567a,s1,0
1995f449,s1,0
19d1a00d,s1,0
19ecaf2b,s1,0
19f4df3c,s1,0
1a28c4b7,s1,0
1a66720c,s1,0
1aa801ab,s1,0
1aac0c04,s1,0
1b070175,s1,0
1b154804,s1,0
1b258de6,s1,0
1b99e7b2,s1,0
1ba30afa,s1,0
1c073809,s1,0
1c2dfc4c,s1,0
1c511a3b,s1,0
1c73ec70,s1,0
1cdd30e4,s1,0
1cf898f2,s1,0
1d289153,s1,0
1d9cff62,s1,0
1e387ea5,s1,0
1e439b31,s1,0
1e52b293,s1,0
1f0caf59,s1,0
1f10840b,s1,0
1f22dc57,s1,0
1f460e70,s1,0
1fa73f53,s1,0
1ff2129e,s1,0
207a13d1,s1,0
21087416,s1,0
21613f48,s1,0
219f602e,s1,0
224a2e58,s1,0
224c9255,s1,0
226fe86e,s1,0
2274976e,s1,0
22980321,s1,0
22bab189,s1,0
2308238d,s1,0
2312a530,s1,0
23515a0e,s1,0
23730f24,s1,0
241345c3,s1,0
24e52e8c,s1,0
24f9d263,s1,0
252489e1,s1,0
255e3e32,s1,0
25c3dab8,s1,0
25c44030,s1,0
25c7e150,s1,0
25ebd856,s1,0
2609221c,s1,0
2623dce5,s1,0
2663ef96,s1,0
270c303d,s1,0
272b8e83,s1,0
2778c755,s1,0
278285ca,s1,0
27f63941,s1,0
28139e3f,s1,0
28899348,s1,0
289b0469,s1,0
29201c48,s1,0
2951c8bd,s1,0
29ca0973,s1,0
2a29fb62,s1,0
2a45967e,s1,0
2a69a6b6,s1,0
2a9065db,s1,0
2b23897e,s1,0
2b81f037,s1,0
2ba2a23a,s1,0
2bcd0b4c,s1,0
2c1cce91,s1,0
2c79dc1c,s1,0
2c7b57aa,s1,0
2c856a24,s1,0
2cadc0f2,s1,0
2cbf40eb,s1,0
2d0c4f1a,s1,0
2d3f9676,s1,0
2d4eadfd,s1,0
2d58b390,s1,0
2d95aec4,s1,0
2da4e43f,s1,0
2dbcaed2,s1,0
2e0f25fe,s1,0
2e58a2de,s1,0
2e79ae0c,s1,0
2e7f76b4,s1,0
2ec9c7ad,s1,0
2f13fab1,s1,0
2f442bda,s1,0
2f6f8f30,s1,0
2f89deb1,s1,0
2f8b6a99,s1,0
2f9adeee,s1,0
2fea61cd,s1,0
300164c2,s1,0
305f72fc,s1,0
31342566,s1,0
313d3930,s1,0
317e6299,s1,0
31f2f476,s1,0
321096be,s1,0
32809f66,s1,0
32972485,s1,0
32c269af,s1,0
32d51cdf,s1,0
32e589b2,s1,0
3318c7e8,s1,0
33408889,s1,0
33be7bdd,s1,0
342a7e81,s1,0
34325f1c,s1,0
346b2ca9,s1,0
34b9d740,s1,0
35458662,s1,0
355a1fb4,s1,0
35cea835,s1,0
35d07415,s1,0
361ca199,s1,0
364b386a,s1,0
365d2b31,s1,0
36e496a9,s1,0
372a44af,s1,0
372f58bb,s1,0
373fc522,s1,0
375a70d1,s1,0
383a05b1,s1,0
391d5dbb,s1,0
3a134128,s1,0
3b2ff38c,s1,0
3b40e7e4,s1,0
3b7f8554,s1,0
3be06623,s1,0
3bef7888,s1,0
3c089814,s1,0
3c0f757a,s1,0
3c6b87fb,s1,0
3cc9af93,s1,0
3d3345f1,s1,0
3d3aec2d,s1,0
3d5d5cf1,s1,0
3d67a4d4,s1,0
3d8ba8a4,s1,0
3d95ca8b,s1,0
3dbdcdc2,s1,0
3e6b0f86,s1,0
3e834aaa,s1,0
3ee41681,s1,0
3efcd5a5,s1,0
3f1536c1,s1,0
3f669eb0,s1,0
3fa0e80d,s1,0
3ff134cf,s1,0
4024009b,s1,0
4033a286,s1,0
4067166d,s1,0
40c82308,s1,0
40cfa27d,s1,0
40de47dd,s1,0
4166a7e3,s1,0
418b6ea3,s1,0
41b2746d,s1,0
41e8390b,s1,0
4200d48c,s1,0
42bedd53,s1,0
42ee63c3,s1,0
430cf1e6,s1,0
4360fb8f,s1,0
43702f99,s1,0
439de092,s1,0
43ae4a39,s1,0
43d86fa8,s1,0
43e7de26,s1,0
43f05442,s1,0
44b55406,s1,0
45d880e1,s1,0
46806e8e,s1,0
46b39a61,s1,0
46c2bd23,s1,0
47115707,s1,0
472da039,s1,0
4743c046,s1,0
474ed7de,s1,0
4851c297,s1,0
485383d8,s1,0
48935ea8,s1,0
48aeb404,s1,0
48bd9dae,s1,0
48d0c5a4,s1,0
48e1bbc2,s1,0
49289e94,s1,0
49988820,s1,0
49a36f8b,s1,0
49fa238d,s1,0
4a506d11,s1,0
4a9ead33,s1,0
4ab0e533,s1,0
4ad9f995,s1,0
4b18adca,s1,0
4b43dea3,s1,0
4c2ae2c8,s1,0
4c650d8b,s1,0
4c76aca9,s1,0
4c7f538b,s1,0
4c8383aa,s1,0
4c847cf5,s1,0
4c8a2693,s1,0
4cbe5f65,s1,0
4cf7bbc7,s1,0
4cfe6450,s1,0
4d069c2f,s1,0
4d699543,s1,0
4d87a905,s1,0
4d8d4c6d,s1,0
4daa7bba,s1,0
4dab0998,s1,0
4deea7bc,s1,0
4e5f2825,s1,0
4eb11015,s1,0
4fda3ea5,s1,0
4fe4e5d2,s1,0
4ff6142e,s1,0
503e93d9,s1,0
5077670d,s1,0
50c7ecdb,s1,0
516532c8,s1,0
51877b66,s1,0
51940be1,s1,0
51fca5b5,s1,0
524eb77b,s1,0
52a21643,s1,0
52ab8921,s1,0
53289f34,s1,0
532c8e8c,s1,0
53c8b38d,s1,0
540649cf,s1,0
551a3788,s1,0
55f78ad9,s1,0
55fe60e1,s1,0
560b36b1,s1,0
5669575b,s1,0
56ab69be,s1,0
56ed546b,s1,0
570477bc,s1,0
57103617,s1,0
573c6e77,s1,0
57939e0f,s1,0
57a2926c,s1,0
57c903fe,s1,0
57fb797b,s1,0
581c0394,s1,0
5838f77e,s1,0
58977474,s1,0
58fb35f9,s1,0
597f9e61,s1,0
59b890d7,s1,0
5a33d315,s1,0
5a80dc0f,s1,0
5a80e342,s1,0
5a8a6f87,s1,0
5a92b650,s1,0
5aa7e4b3,s1,0
5b5a95a9,s1,0
5b91bbc8,s1,0
5bdccbb1,s1,0
5bf04d9c,s1,0
5c04b113,s1,0
5c094ee1,s1,0
5c0aaf40,s1,0
5c209228,s1,0
5c39b8e7,s1,0
5c3b9dc8,s1,0
5c808879,s1,0
5d4346c7,s1,0
5d6a2c14,s1,0
5dd1acd5,s1,0
5e1ab55c,s1,0
5e265cef,s1,0
5e641b88,s1,0
5ebc9e8f,s1,0
5f08b627,s1,0
5f0af023,s1,0
5f70e590,s1,0
5f7a2c61,s1,0
5fa6d2eb,s1,0
5fc5db23,s1,0
60139bd7,s1,0
619694d0,s1,0
61da886b,s1,0
621147a5,s1,0
631434ae,s1,0
6396063c,s1,0
63dbf51b,s1,0
64364c73,s1,0
643c3c82,s1,0
643f674d,s1,0
646d72b1,s1,0
649a3ddd,s1,0
64c197ea,s1,0
64d02c6a,s1,0
656c3a8a,s1,0
65977f13,s1,0
659e0b9f,s1,0
65e1fd43,s1,0
65f5b052,s1,0
65fa918d,s1,0
66012283,s1,0
66ffece5,s1,0
670b0bab,s1,0
67bda29a,s1,0
67db6671,s1,0
67f22ca0,s1,0
682a86fe,s1,0
68e0a1b6,s1,0
692ed8b8,s1,0
696fac87,s1,0
697df130,s1,0
69fa10a8,s1,0
6a510fb1,s1,0
6a54e2ea,s1,0
6ad6fe46,s1,0
6b38e9f6,s1,0
6b47917e,s1,0
6b825efe,s1,0
6bd11063,s1,0
6be628f4,s1,0
6bf113e5,s1,0
6c309ed3,s1,0
6c648b60,s1,0
6c841aba,s1,0
6ce617c1,s1,0
6d26f618,s1,0
6d3cd6ad,s1,0
6de6bec3,s1,0
6de8a31e,s1,0
6dee7de9,s1,0
6e57b123,s1,0
6e6b1127,s1,0
6eb7645e,s1,0
6f415f01,s1,0
6f5e15d9,s1,0
6f654564,s1,0
6fde91e7,s1,0
6feab85c,s1,0
700045ad,s1,0
70693b9e,s1,0
7078838e,s1,0
70acb0d3,s1,0
70dcf78a,s1,0
70de1983,s1,0
70e724e4,s1,0
71e0e02e,s1,0
72189da5,s1,0
721df528,s1,0
72203ad0,s1,0
72709d7a,s1,0
729c71c9,s1,0
73b62397,s1,0
73d9979d,s1,0
73fe455e,s1,0
74915592,s1,0
749d3625,s1,0
74c84b7c,s1,0
74ebc34e,s1,0
74f6e595,s1,0
75976cb8,s1,0
75d5c532,s1,0
7665fa69,s1,0
76b51c6c,s1,0
76bbd6ef,s1,0
77107e13,s1,0
7764313d,s1,0
77a1a5fe,s1,0
77c3c556,s1,0
77d196c2,s1,0
78179e22,s1,0
7826ef65,s1,0
78284775,s1,0
78ee0103,s1,0
797efa23,s1,0
799aa407,s1,0
7a6d4ce2,s1,0
7a8b0a1d,s1,0
7aa9ace2,s1,0
7ad38aca,s1,0
7b0546e6,s1,0
7b26dd26,s1,0
7b495989,s1,0
7b4bad62,s1,0
7bb34df1,s1,0
7bceb5c7,s1,0
7c2b6485,s1,0
7c45967c,s1,0
7c8ccc44,s1,0
7cb2900a,s1,0
7cb7000d,s1,0
7d1d73f2,s1,0
7d7f41f4,s1,0
7db38f38,s1,0
7e36480a,s1,0
7e5c5790,s1,0
7e666e4e,s1,0
7e96e68b,s1,0
7ef84f88,s1,0
7f01313f,s1,0
7f51a60b,s1,0
7f70adb2,s1,0
7fe01549,s1,0
7feae264,s1,0
7ff7df56,s1,0
80590de4,s1,0
810383d1,s1,0
8122be12,s1,0
81713517,s1,0
8178dccc,s1,0
81835ca8,s1,0
81842545,s1,0
81f8c034,s1,0
82e068e7,s1,0
82fd3aa4,s1,0
83580d98,s1,0
835bd5da,s1,0
836ffc6d,s1,0
8388ada9,s1,0
83a8a617,s1,0
8436b621,s1,0
84809276,s1,0
84c411f6,s1,0
84c5e8e2,s1,0
858e387c,s1,0
85d3f04f,s1,0
864a2445,s1,0
864b9f73,s1,0
866d6145,s1,0
86c8f78a,s1,0
8712a992,s1,0
871411fa,s1,0
877f86cc,s1,0
87bbfc8e,s1,0
87caf6ca,s1,0
87d3a077,s1,0
883f6fba,s1,0
884d5944,s1,0
88f63fb4,s1,0
890fcf6a,s1,0
891286cc,s1,0
89924c85,s1,0
89c3ae3b,s1,0
89c69802,s1,0
8a0f16a0,s1,0
8a2693dc,s1,0
8a87bfe2,s1,0
8b137fa0,s1,0
8b91743d,s1,0
8c4387a6,s1,0
8c45288d,s1,0
8c50f66b,s1,0
8c8915af,s1,0
8ca82832,s1,0
8cc2eaa7,s1,0
8d6f7c8b,s1,0
8d734a79,s1,0
8ded5228,s1,0
8e25594b,s1,0
8e70bdc0,s1,0
8ecf6a47,s1,0
8eeec71c,s1,0
8f5681d5,s1,0
8fa39c79,s1,0
8fc4d36c,s1,0
900aa28b,s1,0
905c93c4,s1,0
9090977e,s1,0
90918441,s1,0
90d147ff,s1,0
90e51226,s1,0
91ade0b5,s1,0
91d7dd16,s1,0
91fefa52,s1,0
920cf99c,s1,0
927f29de,s1,0
92977a65,s1,0
92d08737,s1,0
9334f132,s1,0
93665027,s1,0
93ca8e96,s1,0
93d58755,s1,0
94222e49,s1,0
94301070,s1,0
94932f12,s1,0
94b556bc,s1,0
94cba32d,s1,0
94f8249b,s1,0
9534e311,s1,0
959a58d8,s1,0
95b26cf8,s1,0
95c4ba2b,s1,0
962cf4cb,s1,0
966dd5f6,s1,0
966e8ac9,s1,0
96764982,s1,0
96a125b0,s1,0
96a51718,s1,0
96d1d2ee,s1,0
96fed3fc,s1,0
970f2e93,s1,0
971f1fcd,s1,0
9729a6b5,s1,0
9775bfd3,s1,0
97c40bf5,s1,0
982c0bb1,s1,0
9856b356,s1,0
985cb98b,s1,0
986decfd,s1,0
986eefa9,s1,0
98a56322,s1,0
98a9397b,s1,0
98dbc2a4,s1,0
9a56ba55,s1,0
9a65ff8d,s1,0
9b2135a8,s1,0
9b426de4,s1,0
9b583ff4,s1,0
9cd57547,s1,0
9dbd12dc,s1,0
9ddf4030,s1,0
9de50b32,s1,0
9df8a176,s1,0
9dfb6234,s1,0
9e12b2a9,s1,0
9e2cb2be,s1,0
9e91638e,s1,0
9eb1c68e,s1,0
9ec3fc89,s1,0
9edecddd,s1,0
9f3535cd,s1,0
9f553c4c,s1,0
a062876d,s1,0
a073d05a,s1,0
a077cc31,s1,0
a0f71305,s1,0
a0f97563,s1,0
a14c4f8a,s1,0
a15d2ea1,s1,0
a1925735,s1,0
a1b23c99,s1,0
a1f55488,s1,0
a21a39f8,s1,0
a23a3514,s1,0
a2598fe6,s1,0
a277f2ea,s1,0
a27d3929,s1,0
a2ea503b,s1,0
a436acc9,s1,0
a46a58ca,s1,0
a478a2e6,s1,0
a47ce9e7,s1,0
a49d9153,s1,0
a4c485f7,s1,0
a5418e0b,s1,0
a5638061,s1,0
a577255a,s1,0
a5920d73,s1,0
a59b4797,s1,0
a5da02c5,s1,0
a5f58ce6,s1,0
a62c6be4,s1,0
a62d36e8,s1,0
a6f93105,s1,0
a778be11,s1,0
a789a11e,s1,0
a7907aa7,s1,0
a7da09f9,s1,0
a8a6bfee,s1,0
a8e118ab,s1,0
a93a5526,s1,0
a93f8745,s1,0
a97664c3,s1,0
a9c28b46,s1,0
a9c85795,s1,0
a9f5df96,s1,0
a9f86880,s1,0
aa105867,s1,0
aa14bb4f,s1,0
aa4a0082,s1,0
aa4e6f97,s1,0
aa55947f,s1,0
aad3c8e3,s1,0
ab15f4ec,s1,0
ab3951d4,s1,0
ab42a9ce,s1,0
ab4b3696,s1,0
ac423d8d,s1,0
ac8c9050,s1,0
acdb8c1c,s1,0
ad0357ed,s1,0
adc125b9,s1,0
ae4d81d3,s1,0
af054027,s1,0
af64bd75,s1,0
afe46b7a,s1,0
b0842b0e,s1,0
b0f34d10,s1,0
b0fa60ef,s1,0
b11fc68a,s1,0
b1341e7b,s1,0
b1948374,s1,0
b1d87dc3,s1,0
b1f4b03d,s1,0
b23b3bfb,s1,0
b25a18ea,s1,0
b3106f00,s1,0
b31a2211,s1,0
b3450a53,s1,0
b3787a8e,s1,0
b37bed73,s1,0
b3b69b81,s1,0
b3d74dea,s1,0
b4533683,s1,0
b478b8b7,s1,0
b4b565f9,s1,0
b51add86,s1,0
b5abc8ad,s1,0
b60ec19e,s1,0
b6e4562d,s1,0
b78242f5,s1,0
b799f0f1,s1,0
b7ba9de5,s1,0
b7f6528a,s1,0
b81aec0e,s1,0
b828cfce,s1,0
b82aa3d0,s1,0
b83bf5a5,s1,0
b90f7d24,s1,0
b93ed987,s1,0
b9883deb,s1,0
b99680fe,s1,0
b99b71cf,s1,0
b9b27194,s1,0
ba0e0676,s1,0
ba303d3d,s1,0
ba35ba24,s1,0
ba76323b,s1,0
ba897543,s1,0
baa3ef18,s1,0
baa6929e,s1,0
bac44430,s1,0
bae55fa4,s1,0
bbab3113,s1,0
bbe79ace,s1,0
bc643a18,s1,0
bcc5d45e,s1,0
bcccd61e,s1,0
bde09018,s1,0
bec62550,s1,0
bee426e7,s1,0
bf3bbca7,s1,0
bf6c5b96,s1,0
bfc1b8c3,s1,0
c014c8b5,s1,0
c021b7c2,s1,0
c028b18c,s1,0
c0370332,s1,0
c03800fe,s1,0
c062c1e5,s1,0
c0e0354d,s1,0
c1046457,s1,0
c148003d,s1,0
c15fb28c,s1,0
c182e243,s1,0
c18bd13a,s1,0
c199bd2d,s1,0
c1e72ff2,s1,0
c20f1c62,s1,0
c241cafb,s1,0
c28b5fda,s1,0
c2d6b6af,s1,0
c2d89eb5,s1,0
c3a50153,s1,0
c3eebf41,s1,0
c41cc375,s1,0
c42c7509,s1,0
c533707c,s1,0
c544fde7,s1,0
c592621c,s1,0
c633d04c,s1,0
c6623f59,s1,0
c6a44922,s1,0
c6a4a51a,s1,0
c6ac2095,s1,0
c6ffa4c3,s1,0
c726bd76,s1,0
c7427467,s1,0
c74f6dfe,s1,0
c79e8dd9,s1,0
c82eee5e,s1,0
c854375b,s1,0
c86d88dd,s1,0
c8d39930,s1,0
c8fb47e5,s1,0
c930aa00,s1,0
c98315f0,s1,0
c99c3eec,s1,0
ca10b0a6,s1,0
ca182344,s1,0
ca2e930c,s1,0
ca6276c2,s1,0
ca82e2b8,s1,0
caf55f65,s1,0
cb36030e,s1,0
cb4071a3,s1,0
cb4d7e8f,s1,0
cbb97b98,s1,0
cbc01bca,s1,0
cbd7d8f3,s1,0
cbd863e8,s1,0
cc8b9328,s1,0
ccdbe24e,s1,0
cd4ab955,s1,0
cd4eae57,s1,0
cda36e19,s1,0
cdbd97f9,s1,0
cdf39ac0,s1,0
cdffbc4e,s1,0
ce4f5c39,s1,0
ce5403bf,s1,0
cf0022c6,s1,0
cf458cdc,s1,0
cf660bdd,s1,0
cf85c481,s1,0
cfac7c41,s1,0
cfb56f39,s1,0
cfe32518,s1,0
cffda02b,s1,0
d0021797,s1,0
d0803b4c,s1,0
d0996ab2,s1,0
d0a867da,s1,0
d2150fec,s1,0
d2afec09,s1,0
d2e79d79,s1,0
d30ceb80,s1,0
d35bbb21,s1,0
d382176d,s1,0
d3bef2e2,s1,0
d3bf18b3,s1,0
d4223cb4,s1,0
d4a89d52,s1,0
d4fcb23e,s1,0
d56527f2,s1,0
d5b0069c,s1,0
d61ae3cf,s1,0
d6232828,s1,0
d6330434,s1,0
d6845aa2,s1,0
d6877055,s1,0
d688e8f0,s1,0
d6b72275,s1,0
d6f66b59,s1,0
d704ddb6,s1,0
d7590d50,s1,0
d7ba2221,s1,0
d815a66f,s1,0
d81d2ba2,s1,0
d82046f1,s1,0
d8389445,s1,0
d8a82c9e,s1,0
d8b29fe2,s1,0
d925700e,s1,0
d956552c,s1,0
d96b9c70,s1,0
d9849450,s1,0
d9864a0b,s1,0
d98a385a,s1,0
d9fc331b,s1,0
dafd6073,s1,0
db2e12ca,s1,0
db8d5dc1,s1,0
db988d37,s1,0
dbd64704,s1,0
dbf94eb3,s1,0
dc3c103d,s1,0
dd22fa18,s1,0
dd8bd800,s1,0
ddee91ab,s1,0
ddfa8fff,s1,0
de1fbb32,s1,0
de639c23,s1,0
dec3633d,s1,0
df882189,s1,0
e009a3e2,s1,0
e02f13e0,s1,0
e035453d,s1,0
e0495755,s1,0
e06302ae,s1,0
e083256c,s1,0
e0c92dfd,s1,0
e0cf1443,s1,0
e12387d6,s1,0
e13b8617,s1,0
e1845d68,s1,0
e1abf7dc,s1,0
e1d81559,s1,0
e1deeb85,s1,0
e259f9c4,s1,0
e2768e90,s1,0
e2c584e9,s1,0
e308a862,s1,0
e3359934,s1,0
e352bbbf,s1,0
e3b474c8,s1,0
e3b4cf03,s1,0
e477d23f,s1,0
e495587b,s1,0
e4acf638,s1,0
e4b8f694,s1,0
e4f12c75,s1,0
e4f88774,s1,0
e5d0b0f2,s1,0
e5f53bf1,s1,0
e62d21d3,s1,0
e64e4904,s1,0
e669c927,s1,0
e6eff826,s1,0
e70cdb0e,s1,0
e727eeb1,s1,0
e73ba586,s1,0
e74d7a11,s1,0
e7cb0b51,s1,0
e8bb9e90,s1,0
e8c4e03f,s1,0
e92b3918,s1,0
e987a0df,s1,0
e9dece3e,s1,0
ea2c11cd,s1,0
ea2e66d8,s1,0
eaa3ddee,s1,0
eae3ace0,s1,0
eb22f28a,s1,0
eb26df6f,s1,0
eb85a5c1,s1,0
ebbbc207,s1,0
ebdcfc21,s1,0
ebf44f89,s1,0
ec7c71ad,s1,0
ed4ddaf6,s1,0
ed9a8434,s1,0
edb495c0,s1,0
edd1f1ae,s1,0
ee1d64a3,s1,0
ee70450c,s1,0
eecdbff9,s1,0
ef3e29fd,s1,0
efe520bc,s1,0
eff83a0e,s1,0
effbb387,s1,0
f01a6237,s1,0
f0646814,s1,0
f196d34c,s1,0
f26a791b,s1,0
f295bbfd,s1,0
f29b4bf3,s1,0
f2eeed14,s1,0
f3298d68,s1,0
f390712c,s1,0
f3a257d0,s1,0
f453303d,s1,0
f461ea43,s1,0
f46b8a68,s1,0
f4984881,s1,0
f50b0395,s1,0
f51f312a,s1,0
f574415f,s1,0
f590690e,s1,0
f5af4b2f,s1,0
f5c63093,s1,0
f5cb2031,s1,0
f5f7f676,s1,0
f610dadb,s1,0
f6366e9c,s1,0
f677ac47,s1,0
f7109c03,s1,0
f785d880,s1,0
f7d4022a,s1,0
f7f440d1,s1,0
f84ce0dd,s1,0
f86c6f6a,s1,0
f8acd0ae,s1,0
f8dd0503,s1,0
f8ea1b5a,s1,0
f9097550,s1,0
f953a9cb,s1,0
f959fb17,s1,0
f95b3344,s1,0
f9731fc2,s1,0
f9973dcc,s1,0
fa47b359,s1,0
fa5529db,s1,0
fa7e0924,s1,0
fa9607a1,s1,0
fa9a8b35,s1,0
faa86f11,s1,0
fb1b919e,s1,0
fb678e83,s1,0
fb79d756,s1,0
fbd7def0,s1,0
fc972ac1,s1,0
fca38165,s1,0
fcfdb05d,s1,0
fd53dc5a,s1,0
fd9b83a0,s1,0
fddd60b8,s1,0
fe17843a,s1,0
fe2fde5f,s1,0
fe428ab1,s1,0
fe504d17,s1,0
fe9b0514,s1,0
feab68ba,s1,0
feb1e888,s1,0
feea9f41,s1,0
fface2f4,s1,0
