,UserID,SkinID
0,00021ae5,1
1,0006db09,1
2,001af494,1
3,00394ea7,1
4,004afe29,1
5,004ec8a3,1
6,005dfb56,4
7,0094067f,1
8,00a32e13,1
9,00b16c72,2
10,01021a5d,4
11,010f4c6c,1
12,0123db1b,2
13,01258f1e,1
14,014052f8,1
15,014c53f3,1
16,015e3839,1
17,015faf16,1
18,0189d1e7,1
19,01cc3829,1
20,01ce2a9d,2
21,01da4d1d,1
22,01db96ac,4
23,01e84fb3,3
24,01eb8dfe,2
25,01f3cb4c,1
26,02104ff7,1
27,0217df8d,4
28,02250a4b,1
29,022fd959,1
30,02359c31,2
31,02476060,1
32,0252d257,1
33,029cdd26,1
34,02c24a3f,1
35,02d8d7e2,1
36,02d99064,2
37,02efc4cd,2
38,02fd7ce1,1
39,0320074e,2
40,0325a453,1
41,032e3e45,3
42,03406ac3,0
43,03707f55,1
44,038198a4,1
45,0383c567,1
46,03c63f78,1
47,03c7c548,2
48,03eb2637,4
49,03f6efed,1
50,03ff7f2c,4
51,0415ca45,1
52,043c896b,1
53,044ebfb7,4
54,0450d8ba,1
55,0466408f,1
56,04823aef,1
57,048ae916,1
58,049e195b,1
59,049efd42,1
60,04bc363a,1
61,04cf872d,1
62,04d781a3,1
63,04dbd3a7,1
64,050854c3,2
65,0514c962,2
66,051c58f6,1
67,0527f4fc,4
68,052d67e0,1
69,0577d600,1
70,05860cbe,1
71,058b5fdc,4
72,05aad701,2
73,05c5abb1,1
74,05cc7063,1
75,05e3e0cd,4
76,05f53fe8,1
77,0612a8db,4
78,061eb8aa,1
79,061f1cc9,1
80,06262bc5,4
81,062efda4,1
82,064f3e16,1
83,06573a36,1
84,065e08b2,1
85,065ee4f8,4
86,0695f2fa,1
87,069b4431,1
88,069d4647,3
89,06e47f18,4
90,06e895fa,1
91,06f47443,1
92,0706dba3,1
93,071de82b,1
94,0721e4ec,1
95,074cf29b,1
96,07601d63,1
97,0766c158,1
98,07835988,3
99,078ff65c,3
100,079236c4,2
101,07bbc59a,1
102,07c2db35,1
103,07e00b6d,2
104,07e4362e,1
105,081db0ae,1
106,0828732b,1
107,0836e5d5,1
108,083be205,1
109,084d42f6,1
110,086544a9,1
111,08664e25,1
112,08769da8,1
113,08bc2304,1
114,08ccb9e3,1
115,08d367df,2
116,08e9717c,1
117,08fdabd9,1
118,091f20e6,4
119,094c7bf6,2
120,09567f38,1
121,095a8b6c,4
122,095afcb0,1
123,0970f629,1
124,097661bf,1
125,097a48a1,4
126,0983e0d4,2
127,0997e384,1
128,09ac5e65,1
129,09c28cc5,1
130,09e07751,4
131,09e61cd1,1
132,0a1c207d,1
133,0a2b8f45,3
134,0a2c29bb,1
135,0a43f9e7,1
136,0a56dce4,1
137,0a5f40e0,2
138,0a6dfaf0,4
139,0a7f71eb,1
140,0a84ef2c,1
141,0a9132c8,1
142,0a9d8e4a,1
143,0aa6336a,1
144,0aae40cb,1
145,0af32e41,1
146,0b2ca9c6,1
147,0b378481,1
148,0b3e5b6f,1
149,0b42888f,1
150,0b437e62,1
151,0b93abed,1
152,0bd141e1,4
153,0bdd7b26,1
154,0becf361,1
155,0bf9035b,1
156,0c1600a3,3
157,0c66dfe5,1
158,0c6c9f2a,2
159,0c925937,2
160,0ca4cbc7,1
161,0ca77977,4
162,0cb1152b,3
163,0cdaed69,1
164,0cf0b9a0,3
165,0d2baef8,1
166,0d334dfa,4
167,0d35c33f,1
168,0d5ef11c,1
169,0d6c3b46,4
170,0d8a3af1,1
171,0d9229bd,1
172,0d96749f,1
173,0dba2e0f,1
174,0de88e14,1
175,0df257c4,2
176,0dff9d53,2
177,0e059656,1
178,0e078806,1
179,0e3cfccc,1
180,0e43db15,1
181,0e4cf13a,1
182,0e55f089,1
183,0e687310,4
184,0e94f262,1
185,0ea9baed,1
186,0ead09a2,1
187,0eb72e05,4
188,0edd0864,2
189,0eecced4,1
190,0ef40d8e,1
191,0ef9a86d,1
192,0f0569eb,1
193,0f0ff923,4
194,0f1ef378,4
195,0f35d18c,1
196,0f3837e0,2
197,0f407003,1
198,0f4346f6,1
199,0f4a8e9f,1
200,0f5d7790,2
201,0f632dc7,1
202,0f7df9ef,1
203,0f8bad68,1
204,0fa6de03,4
205,0fb69d5a,1
206,0fb73402,4
207,0fbcb7e5,1
208,0fc08fa3,1
209,0fc1cd09,3
210,0fc61e39,4
211,10021fda,1
212,1003709c,1
213,100dafe8,1
214,1027cb35,1
215,10a9cf30,2
216,10b19383,1
217,10b89c4c,1
218,11199eb0,1
219,1120c250,3
220,112307f1,1
221,1126c550,1
222,112dd5ae,1
223,11313f3b,1
224,1134b0ff,2
225,1138ab78,2
226,11560081,1
227,1180b065,0
228,118c80f9,1
229,118d0a1b,1
230,11b4024b,1
231,11c714a4,1
232,11e2e436,1
233,11e8f2b7,4
234,121de773,1
235,1230e55b,1
236,1233aeda,1
237,1234ddd6,1
238,1238da1e,1
239,12396845,1
240,123daf8a,1
241,1252b605,1
242,125c439c,1
243,1273811b,4
244,12988eaa,4
245,129cf74a,1
246,12c2d9e3,1
247,12c9e70d,1
248,12dfff42,3
249,12ef7ccf,3
250,1310c19c,1
251,13446a6a,3
252,13571352,1
253,135f3d11,1
254,136fb45d,1
255,137f87dd,1
256,13a7bb83,1
257,13b12496,1
258,13c23dd5,1
259,13e0d13a,4
260,13e34245,2
261,13e43321,1
262,13e53279,1
263,13ee7492,3
264,1404f662,1
265,14152ced,1
266,141752c1,3
267,143759a0,3
268,1439dacd,1
269,145b54e0,1
270,1470461f,1
271,148ca9ed,4
272,14a03105,1
273,14a72eef,2
274,14cdb773,1
275,14e9f7ab,1
276,151b9c67,1
277,151fb3a5,1
278,15366b48,3
279,153877d3,1
280,1585815e,1
281,1588ce54,1
282,158e724b,3
283,15a9349f,4
284,15abe96f,4
285,15c112df,1
286,15e630a7,1
287,15f577ae,1
288,15fa72f6,4
289,16129c43,1
290,16303020,3
291,1630baaa,1
292,1647fcd1,1
293,166a727b,3
294,16758607,1
295,16821774,1
296,16982115,1
297,169dd1b0,1
298,16b1b577,1
299,16b97ef1,1
300,16bc564a,1
301,16d3368f,1
302,16d8d8cc,1
303,16ff6be6,2
304,17090ac7,1
305,17133418,1
306,17180e86,1
307,171c67f5,1
308,173af438,1
309,1745950d,1
310,175857b8,1
311,17786a23,1
312,17c7871b,1
313,18023b14,1
314,18307fd0,1
315,186e7d01,1
316,186f2d52,1
317,18b3567a,1
318,18fddf65,1
319,194f41d5,1
320,1973b70c,1
321,19880229,3
322,198977e4,3
323,198cc549,3
324,19921365,1
325,1995f449,1
326,199f0374,2
327,19a3d61d,1
328,19d1a00d,1
329,19ddc755,1
330,19ecaf2b,1
331,19f4df3c,4
332,19f5ae79,1
333,1a20faee,1
334,1a28c4b7,1
335,1a2a3b9a,1
336,1a344fd1,1
337,1a4d19cc,1
338,1a66720c,1
339,1a9e95d4,1
340,1aa801ab,1
341,1aac0c04,1
342,1ab946f8,3
343,1ac305d3,1
344,1ac3c9dc,2
345,1ae57009,1
346,1b070175,1
347,1b154804,4
348,1b258de6,1
349,1b2bf1cb,1
350,1b403dcd,1
351,1b6f270b,1
352,1b99e7b2,1
353,1ba30afa,1
354,1bd583cd,1
355,1c073809,1
356,1c2dfc4c,1
357,1c31ebf3,1
358,1c455f53,2
359,1c511a3b,1
360,1c5a2046,4
361,1c718d2a,1
362,1c719a41,1
363,1c73ec70,1
364,1c97b866,1
365,1cdd30e4,2
366,1ce16dcd,2
367,1cf7b48b,1
368,1cf898f2,4
369,1cfd6787,1
370,1d0bf15b,1
371,1d0e0220,1
372,1d18aa13,3
373,1d289153,2
374,1d2b60a8,1
375,1d44bfb9,1
376,1d59dc40,1
377,1d63fc6a,1
378,1d97d8d0,1
379,1d9cff62,3
380,1db57251,1
381,1dd2c46a,1
382,1dfc423a,1
383,1e387ea5,1
384,1e439b31,3
385,1e52b293,1
386,1e5329eb,1
387,1e732c9e,3
388,1eaccb8d,3
389,1ed1570d,2
390,1ee1eb98,1
391,1ee680bc,2
392,1f003009,1
393,1f0661d1,1
394,1f0caf59,1
395,1f10840b,1
396,1f22dc57,1
397,1f279a96,1
398,1f39bf0a,2
399,1f460e70,1
400,1f51d7df,1
401,1f6167ae,1
402,1f7c28f5,1
403,1fa73f53,1
404,1fd00c10,1
405,1fd71292,1
406,1ff2129e,1
407,204e9eb3,3
408,20792c2c,1
409,207a13d1,1
410,207e7dee,1
411,20c890fc,1
412,20ea3238,3
413,20efe2ee,1
414,20f69cb4,1
415,21087416,1
416,21092d9d,1
417,21192339,1
418,21252c28,1
419,2141bfc9,1
420,214548eb,1
421,21613f48,1
422,217ea67a,1
423,2193fe06,1
424,219f602e,4
425,2222d2d9,1
426,222e08f9,1
427,22492e47,4
428,224a2e58,1
429,224c9255,1
430,226fe86e,1
431,2274976e,1
432,2284863c,1
433,22980321,1
434,22bab189,1
435,22c5ab8c,1
436,22da5b90,1
437,22dc2886,1
438,2308238d,1
439,2312a530,2
440,23139933,1
441,2323310c,1
442,2329c445,1
443,232b9120,1
444,23515a0e,1
445,235eeed9,2
446,23730f24,1
447,237998d6,1
448,2385ba7c,1
449,239c0da8,3
450,239d35de,2
451,23bf40a2,1
452,23f68a64,1
453,23fd7ecf,3
454,23fd8fbb,1
455,23ff45a4,1
456,241345c3,2
457,2413c9fc,3
458,2419cab6,4
459,245f9146,1
460,247e112d,1
461,24866475,1
462,248b26f0,1
463,249811a9,1
464,24acde18,1
465,24e52e8c,1
466,24e73e79,1
467,24f29382,1
468,24f9d263,1
469,252489e1,1
470,2544aa36,1
471,2547c7fd,1
472,255e3e32,1
473,256586fa,1
474,25772a68,1
475,258868a8,1
476,25ac318a,1
477,25adbdbc,1
478,25b71411,1
479,25c3dab8,2
480,25c44030,3
481,25c6b2d9,1
482,25c7e150,1
483,25cbb228,1
484,25cd4fdb,1
485,25ebd856,1
486,26077fad,1
487,2609221c,2
488,2618f0d3,1
489,2623dce5,1
490,2640f65f,1
491,265379cc,1
492,2663ef96,4
493,267ff7a1,1
494,26852816,1
495,2691d2c8,1
496,26a03974,2
497,26ad2aa8,3
498,270c303d,0
499,270c3bd8,3
500,272b8e83,1
501,273d69e4,1
502,27450ef5,0
503,274ba8d3,1
504,27672e70,1
505,27685e4b,2
506,2778c755,3
507,278285ca,1
508,279673fa,1
509,27c6667e,1
510,27e237e8,1
511,27f63941,1
512,28112214,3
513,28139e3f,2
514,28494c23,1
515,2871431a,1
516,28899348,1
517,289b0469,2
518,289f0848,1
519,28bb7768,1
520,28c20bef,1
521,28f70659,4
522,29201c48,2
523,2924546f,2
524,29273da3,2
525,294b5fe7,1
526,294e7fa9,1
527,2951c8bd,1
528,295d2140,1
529,295e00e9,1
530,297348e8,1
531,299e2e24,1
532,29ab37c4,1
533,29ca0973,1
534,29d22f56,4
535,29d81fed,1
536,29e8c1f3,1
537,29ff5f57,1
538,2a08f8bd,2
539,2a29fb62,1
540,2a3e5926,4
541,2a45967e,2
542,2a61beeb,1
543,2a69a6b6,1
544,2a9065db,1
545,2aafb7da,1
546,2aebd1eb,1
547,2af59248,1
548,2b066e72,1
549,2b0cf3d7,3
550,2b23897e,1
551,2b257c6d,4
552,2b27c8f7,4
553,2b5c3a4f,1
554,2b81f037,4
555,2ba2a23a,1
556,2ba64b44,1
557,2bcbbcd5,1
558,2bcd0b4c,1
559,2bd258d7,1
560,2be8294f,1
561,2bf5b58e,1
562,2c1cce91,1
563,2c37a921,4
564,2c678d63,1
565,2c70d1c2,1
566,2c79dc1c,1
567,2c7b57aa,1
568,2c820867,2
569,2c856a24,1
570,2c85fd84,4
571,2cadc0f2,4
572,2cbf01f7,1
573,2cbf40eb,2
574,2cea731e,1
575,2d0c4f1a,1
576,2d1e1b3c,2
577,2d3f9676,1
578,2d4eadfd,1
579,2d58b390,1
580,2d95aec4,1
581,2da4e43f,1
582,2dbcaed2,1
583,2dee2cae,2
584,2df40599,1
585,2e0eef7a,1
586,2e0f25fe,2
587,2e1cabcd,1
588,2e1d3dbe,1
589,2e5680f3,1
590,2e58a2de,1
591,2e60b361,1
592,2e79ae0c,3
593,2e7b79d1,3
594,2e7f76b4,4
595,2e946259,2
596,2e99dac3,1
597,2ea0f6e1,3
598,2ec024f3,1
599,2ec9c7ad,2
600,2edcb31b,1
601,2f13fab1,1
602,2f442bda,3
603,2f51508e,1
604,2f6f8f30,1
605,2f78ebdb,1
606,2f827197,1
607,2f89deb1,2
608,2f8b6a99,1
609,2f93fa32,1
610,2f9adeee,1
611,2face99b,1
612,2fc4d21a,1
613,2fcd4bc8,1
614,2fd4fd97,1
615,2fda428d,1
616,2fea61cd,1
617,300164c2,1
618,301b6c87,2
619,30290cdb,2
620,303a18d7,1
621,30593e4f,4
622,305f72fc,1
623,30641d06,2
624,3066cb77,1
625,30bf4550,2
626,30c92f16,1
627,30cfbe30,1
628,30dd3172,3
629,30f46acf,1
630,30fe986c,1
631,31087ecd,1
632,31342566,3
633,313d3930,4
634,3153c2de,3
635,31579107,1
636,315eee86,1
637,3160e24e,4
638,3167f077,1
639,3173d1bc,4
640,317e6299,3
641,319a1a1b,1
642,31dc15d4,1
643,31f2f476,1
644,31faf957,2
645,3201dd0c,2
646,321096be,1
647,321c5165,1
648,3226466b,1
649,322ae8eb,1
650,32335c4f,1
651,32358035,3
652,323f9134,1
653,325608a8,1
654,32809f66,4
655,32972485,1
656,32c6074d,3
657,32ca6a17,1
658,32d51cdf,1
659,32e589b2,1
660,32e7041d,1
661,32ea156e,0
662,330c107c,1
663,330d1a38,3
664,3318c7e8,1
665,33408889,3
666,336be4c5,1
667,3385a4de,1
668,33b88173,2
669,33b92684,1
670,33be7bdd,1
671,34113018,1
672,342a7e81,1
673,34325f1c,4
674,34456815,1
675,346b2ca9,1
676,34ab9e37,1
677,34ae294e,1
678,34b9d740,1
679,34ccb176,1
680,34d5b63e,1
681,34d7aa6c,1
682,34d7d13e,1
683,34e88711,4
684,34ed234d,1
685,353435d0,2
686,35458662,1
687,354b597b,3
688,355a1fb4,1
689,357d7a68,2
690,35a3eb04,2
691,35af34eb,1
692,35ba1cb8,1
693,35be16b4,1
694,35cea835,1
695,35d07415,1
696,35dc7f13,1
697,35e454fa,1
698,361ca199,2
699,36336908,3
700,364b386a,1
701,365d2b31,1
702,3686c3a8,3
703,36961029,1
704,36b74e8a,1
705,36cfae90,1
706,36d27e38,1
707,36d89a55,2
708,36dc0634,3
709,36decd53,1
710,36e496a9,1
711,371c774b,4
712,372a44af,1
713,372f58bb,1
714,3739cf93,1
715,373fc522,1
716,37443942,1
717,375a70d1,1
718,375ba629,2
719,37662b14,1
720,3771ef23,3
721,379775b4,1
722,37dda4d9,1
723,37e8db14,1
724,382dcd80,1
725,383a05b1,1
726,3850cad7,1
727,3858685e,1
728,385ef60d,4
729,3866c12e,1
730,3890b0e4,1
731,38a017f5,1
732,38b1ee45,1
733,38b87d95,1
734,38babe03,1
735,38c0b3e7,1
736,38d909d8,1
737,38f43c89,1
738,391858f5,2
739,391d5dbb,1
740,392bea77,1
741,39405f7c,1
742,395fb556,1
743,39798464,2
744,398b17d9,2
745,39bf0ef1,1
746,3a134128,1
747,3a25d8e7,1
748,3a2f983b,1
749,3a4e2257,4
750,3a5dccb3,1
751,3a864c00,1
752,3a9150d9,4
753,3aa55edf,3
754,3abc407c,1
755,3ad9573c,1
756,3b029818,1
757,3b0e3bce,1
758,3b0ff137,2
759,3b11d131,1
760,3b252211,1
761,3b2ff38c,3
762,3b40e7e4,2
763,3b5fe6f3,1
764,3b7f8554,2
765,3b7f9dda,0
766,3bac906b,1
767,3bae0c94,3
768,3baf7bdf,1
769,3bb281f2,2
770,3be06623,1
771,3bef4f08,1
772,3bef7888,1
773,3c089814,1
774,3c0f757a,1
775,3c1a6765,2
776,3c38c33c,4
777,3c6b87fb,1
778,3c80ef34,1
779,3c8e1d80,1
780,3c987817,4
781,3cb21e9b,4
782,3cbeb80e,1
783,3cc9af93,2
784,3cd6c1bd,1
785,3cd7f91f,1
786,3d2abd6a,0
787,3d3345f1,1
788,3d3aec2d,1
789,3d3cd3c8,4
790,3d5d5cf1,2
791,3d67a4d4,4
792,3d73cc01,1
793,3d8ba8a4,1
794,3d8c6c21,3
795,3d95ca8b,1
796,3dbdcdc2,1
797,3dddbea6,1
798,3dddc36f,3
799,3e6ac76f,2
800,3e6b0f86,1
801,3e7f01b6,3
802,3e834aaa,1
803,3eb50860,4
804,3ed56f85,4
805,3ed8b21d,1
806,3ee41681,1
807,3ef7917b,1
808,3efcd5a5,2
809,3f092eee,2
810,3f1536c1,2
811,3f1ee8f2,1
812,3f4439b3,1
813,3f56c143,4
814,3f669eb0,1
815,3f76bdeb,1
816,3f7c30a6,1
817,3f862057,1
818,3f870de3,1
819,3fa0e80d,1
820,3fa5ac70,1
821,3fbe7671,1
822,3fe4698f,3
823,3ff134cf,3
824,3ff95718,1
825,402231be,3
826,4024009b,3
827,4033a286,1
828,4067166d,1
829,4096951f,1
830,40b2d3dd,1
831,40c82308,0
832,40cfa27d,1
833,40d194d2,3
834,40d91def,4
835,40dbf93e,1
836,40de47dd,1
837,40e8b916,1
838,40f5f59e,1
839,410351c4,1
840,4115cb5c,2
841,41481fd9,1
842,41526ca7,2
843,4166a7e3,1
844,41739dc8,1
845,418b6ea3,1
846,419540e1,4
847,41b2746d,4
848,41babd20,2
849,41d9c197,1
850,41e7a8a5,1
851,41e8390b,3
852,4200d48c,2
853,42026285,4
854,422d59fd,4
855,42305f43,4
856,426c61e2,1
857,4272ac21,1
858,4283bd87,1
859,428df047,4
860,4298d2a1,1
861,42ac97cd,2
862,42aebccd,1
863,42bedd53,1
864,42c4e4c5,1
865,42c8f7a6,1
866,42cad893,3
867,42ddeffa,1
868,42ed84a0,1
869,42ee63c3,1
870,42faf5ab,2
871,43099f07,1
872,430aa037,1
873,430cf1e6,1
874,43144504,1
875,432d535e,1
876,4330e9b6,1
877,4360fb8f,1
878,43610986,3
879,436edb91,4
880,43702f99,3
881,43768e07,1
882,4389165e,4
883,439de092,1
884,43ae4a39,3
885,43b994bc,1
886,43bda7f6,3
887,43d86fa8,1
888,43e3cd14,1
889,43e5f9cb,1
890,43e7de26,1
891,43f05442,1
892,4403336d,1
893,4436f83c,0
894,444d91b3,4
895,44588b31,1
896,44617e4c,3
897,446c41f4,1
898,446e1bd5,1
899,44897409,4
900,44b55406,1
901,44f7b769,2
902,44ff1903,1
903,45004762,1
904,45279770,1
905,45321c45,1
906,4545626f,2
907,454d637a,1
908,459c9e87,4
909,459f116c,1
910,45a2e38f,1
911,45a943ba,1
912,45bb5f9a,1
913,45c43ae3,1
914,45d880e1,1
915,45f05151,4
916,45ff7286,1
917,4632094f,3
918,46405d12,1
919,46430094,1
920,464b4f58,1
921,4670632d,1
922,46711d3f,2
923,46806e8e,2
924,468bb78a,4
925,468cb9bf,1
926,46981501,1
927,46ad19dd,3
928,46aec292,1
929,46af6658,3
930,46b39a61,1
931,46c2bd23,1
932,46ec5ae4,1
933,46ecf7c6,2
934,46f4bb0d,4
935,470a913f,3
936,47115707,1
937,471fd366,1
938,472da039,1
939,47339cf3,3
940,4736251b,1
941,473c5d0c,1
942,4743c046,3
943,474ed7de,3
944,476f2c5c,1
945,4781fb46,1
946,4787de1f,1
947,479b8831,1
948,47c73574,1
949,47e1f482,1
950,47ebaacc,1
951,4817f7fa,1
952,482ede22,2
953,4851c297,2
954,485383d8,3
955,48935ea8,3
956,48957498,4
957,48a19b09,1
958,48aeb404,1
959,48bd9dae,1
960,48ccb43d,1
961,48d0c5a4,1
962,48e1bbc2,4
963,48ea09a5,1
964,49289e94,1
965,4929fad5,3
966,492a830e,1
967,493e28c2,1
968,49416f42,1
969,4958cced,4
970,49782e81,4
971,497cfe98,1
972,49988820,1
973,49a36f8b,4
974,49bbd218,1
975,49ec82df,1
976,49f01042,1
977,49f2ec05,1
978,49fa238d,2
979,4a0745b9,1
980,4a0ce736,1
981,4a24f09b,4
982,4a2bb20c,1
983,4a37e3e7,1
984,4a506d11,1
985,4a521e36,1
986,4a60c5fe,1
987,4a64cc68,1
988,4a7bc225,1
989,4a986b87,1
990,4a9984a0,1
991,4a9ead33,1
992,4ab0e533,2
993,4ab9558a,1
994,4ac7a0c9,1
995,4acdc03f,1
996,4ad9f995,1
997,4ae216f5,1
998,4aea0a28,1
999,4b18adca,2
1000,4b3b930b,3
1001,4b3df721,1
1002,4b43dea3,1
1003,4b48267a,1
1004,4b63b7eb,1
1005,4b80caff,1
1006,4bdf090a,1
1007,4bed3115,4
1008,4c2ae2c8,4
1009,4c5ad727,3
1010,4c650d8b,1
1011,4c75ecd1,4
1012,4c76aca9,1
1013,4c7f538b,4
1014,4c8383aa,1
1015,4c847cf5,1
1016,4c8a2693,1
1017,4cbe5f65,1
1018,4cdf8b75,1
1019,4cf7bbc7,4
1020,4cfe6450,1
1021,4d069c2f,1
1022,4d09a2a0,1
1023,4d5f31e7,1
1024,4d65d796,1
1025,4d699543,1
1026,4d87a905,1
1027,4d8d4c6d,3
1028,4da1fc91,1
1029,4daa7bba,3
1030,4dab0998,1
1031,4dbc0064,1
1032,4dd0f221,4
1033,4dd825b2,1
1034,4ddf6ff4,1
1035,4de892b7,1
1036,4ded9f5e,1
1037,4deea7bc,3
1038,4e4ec845,1
1039,4e5f2825,1
1040,4e656daa,1
1041,4e673fe8,1
1042,4e68f41f,4
1043,4e97599e,3
1044,4eb11015,1
1045,4ec4c7d4,3
1046,4ec97075,3
1047,4ede096a,1
1048,4ee15eb4,1
1049,4f0beb5a,1
1050,4f1364d6,1
1051,4f5bafe4,4
1052,4f6f473f,4
1053,4fd4ac62,1
1054,4fda3ea5,2
1055,4fe4e5d2,1
1056,4ff6142e,1
1057,4ffd348c,1
1058,503e93d9,1
1059,504a2c53,1
1060,5062f5af,1
1061,5077670d,1
1062,508be2cb,1
1063,509a8887,1
1064,50b147db,1
1065,50bdbfea,1
1066,50bf982f,1
1067,50c7ecdb,4
1068,50cdaaea,1
1069,50eb9cb7,1
1070,50f4bc18,1
1071,5104a821,1
1072,5112f2d9,1
1073,5126b3d3,1
1074,51439177,1
1075,514c93fd,2
1076,514da393,1
1077,514f9e5a,1
1078,516532c8,1
1079,51877b66,1
1080,518e0e75,1
1081,51940be1,1
1082,519c4384,1
1083,51a2ee7c,3
1084,51e3bfb4,3
1085,51ef1cbc,4
1086,51fca5b5,4
1087,5228cef3,3
1088,522f0d9b,4
1089,524eb77b,1
1090,52704f1c,2
1091,52735053,1
1092,5293b46f,2
1093,529c8af3,1
1094,529e17fa,4
1095,52a21643,3
1096,52ab7d0d,4
1097,52ab8921,1
1098,52be5037,1
1099,52d65949,1
1100,52dc508f,2
1101,52e97394,1
1102,52ef3e93,1
1103,52fb493c,1
1104,53289f34,1
1105,532c8e8c,1
1106,5367eb11,1
1107,5388113e,1
1108,53bff7da,1
1109,53c14650,0
1110,53c8b38d,1
1111,53e33be6,4
1112,540649cf,1
1113,541e757f,1
1114,5421bd01,1
1115,54676473,1
1116,5471797d,1
1117,547cd337,1
1118,54bb7eb6,3
1119,54d0f381,4
1120,54e7a6fc,2
1121,54fc4eaa,1
1122,550b7f54,1
1123,551a3788,1
1124,55514ec3,1
1125,559a6175,1
1126,55b60a2e,1
1127,55ba51bc,1
1128,55d77dc7,1
1129,55d92803,1
1130,55f4ee4c,1
1131,55f78ad9,1
1132,55fe60e1,4
1133,56072627,1
1134,56082a1b,3
1135,560b36b1,1
1136,561c5278,4
1137,562d0047,1
1138,563dc680,1
1139,5640731e,1
1140,564dd4e3,3
1141,565a8722,1
1142,565d22e1,1
1143,5669575b,1
1144,566d70f5,1
1145,56747c81,3
1146,56788e73,3
1147,56922c0e,1
1148,56a1cb04,1
1149,56a2b71b,1
1150,56ab69be,1
1151,56e1a205,1
1152,56e63d0c,3
1153,56ed546b,1
1154,56fc1313,1
1155,570477bc,3
1156,5707ff44,1
1157,57095c65,1
1158,57103617,4
1159,5729f5b2,1
1160,572caf98,4
1161,573c6e77,1
1162,57665254,1
1163,57939e0f,1
1164,57a2926c,1
1165,57c903fe,1
1166,57f085a6,1
1167,57fb797b,3
1168,58097062,1
1169,580bccb9,1
1170,581c0394,3
1171,5823af5d,1
1172,58284da5,3
1173,58320afa,1
1174,5838f77e,4
1175,5852eb8a,1
1176,588cad7d,1
1177,58977474,3
1178,5897beb4,1
1179,58afc99e,2
1180,58bc52dc,1
1181,58be122e,1
1182,58dd8742,1
1183,58f7d4ab,1
1184,58fb35f9,1
1185,59422ef9,1
1186,5942a136,1
1187,59668f57,1
1188,597f9e61,1
1189,598152ec,1
1190,59a250c4,1
1191,59a302e3,1
1192,59a453b1,3
1193,59a8e2f2,1
1194,59b890d7,1
1195,59eb66c5,4
1196,59fc6877,3
1197,5a17ae79,2
1198,5a2fe43d,1
1199,5a33d315,1
1200,5a37d401,1
1201,5a5dade1,1
1202,5a71878d,1
1203,5a80dc0f,1
1204,5a80e342,1
1205,5a8a6f87,1
1206,5a8d89c1,3
1207,5a918970,1
1208,5a92b650,4
1209,5a9e39c7,1
1210,5aa7e4b3,1
1211,5aea38c0,1
1212,5af6536b,3
1213,5b2263aa,4
1214,5b5a95a9,1
1215,5b5d19ef,1
1216,5b8008a1,1
1217,5b88769c,1
1218,5b91bbc8,1
1219,5bbb22e6,1
1220,5bc42878,1
1221,5bdccbb1,2
1222,5be38cf9,1
1223,5bea142b,1
1224,5bf04d9c,4
1225,5c04b113,2
1226,5c094ee1,1
1227,5c0aaf40,2
1228,5c209228,1
1229,5c329835,1
1230,5c39b8e7,1
1231,5c3b9dc8,1
1232,5c41fce8,1
1233,5c602edb,1
1234,5c6e99f0,3
1235,5c808879,1
1236,5cb6ec73,1
1237,5cbd3b35,1
1238,5cbd534c,1
1239,5ccfc1da,1
1240,5ce0f55a,1
1241,5ce7ee4c,1
1242,5cead2ea,1
1243,5d0bc625,1
1244,5d0bf2b1,1
1245,5d17254b,1
1246,5d29ed09,1
1247,5d33265f,1
1248,5d3d4721,1
1249,5d4346c7,1
1250,5d4d5325,1
1251,5d4f56e8,2
1252,5d6a2c14,2
1253,5d755037,3
1254,5d8cbe59,3
1255,5db0a4fe,1
1256,5dbbe097,1
1257,5dc86ab2,1
1258,5dd1acd5,1
1259,5dd8c71c,1
1260,5ddedb6d,1
1261,5e0482fc,1
1262,5e1ab55c,1
1263,5e265cef,3
1264,5e29214f,1
1265,5e512efe,3
1266,5e5a76df,1
1267,5e60b39d,2
1268,5e641b88,1
1269,5e74093e,1
1270,5e85c11a,1
1271,5ebc9e8f,1
1272,5ec7dccf,1
1273,5ed13916,2
1274,5ed9e143,1
1275,5ee7d96d,1
1276,5ef518f2,1
1277,5efeae7a,1
1278,5f08b627,1
1279,5f0af023,1
1280,5f0c29bc,1
1281,5f1bd408,1
1282,5f2387e7,4
1283,5f29bce6,3
1284,5f4a3bff,1
1285,5f65f172,1
1286,5f706a28,4
1287,5f70e590,1
1288,5f7a2c61,1
1289,5f847a12,4
1290,5fa32462,2
1291,5fa6d2eb,2
1292,5fa87ae2,1
1293,5fad05fe,1
1294,5fb3d085,1
1295,5fc5db23,2
1296,5fd82cf2,1
1297,5fe98cc2,1
1298,60139bd7,1
1299,601e69c2,1
1300,604d944d,3
1301,6057bdeb,4
1302,6076a306,1
1303,607804a2,1
1304,60e90efa,1
1305,61055829,1
1306,610accde,1
1307,61193cd5,1
1308,612a0024,1
1309,61431614,1
1310,614e152b,3
1311,6170e8ae,4
1312,617d8ec5,1
1313,61804730,3
1314,619694d0,1
1315,6197f815,1
1316,61a81467,1
1317,61bef563,1
1318,61d0bd71,1
1319,61da886b,1
1320,621147a5,2
1321,62156ebf,3
1322,6258449c,1
1323,625b324c,1
1324,6261fd91,1
1325,62a29382,1
1326,62bf03be,4
1327,62c54eba,1
1328,62d2d034,1
1329,62e6af82,2
1330,631434ae,1
1331,63384953,1
1332,63499c2c,1
1333,6358c22b,1
1334,637eacac,1
1335,638d0be9,1
1336,6396063c,1
1337,63a702f7,1
1338,63ac4d19,1
1339,63cb1ea5,1
1340,63d83a7d,2
1341,63dbf51b,1
1342,63ed73e1,1
1343,642904bd,1
1344,64364c73,1
1345,643c3c82,1
1346,643f674d,1
1347,644e854a,1
1348,646d72b1,1
1349,64780f59,1
1350,6486fc88,1
1351,6488e1e2,3
1352,648d9d18,1
1353,649a3ddd,2
1354,64b483aa,1
1355,64c197ea,1
1356,64c619bd,1
1357,64cf45d3,1
1358,64d02c6a,1
1359,64d25c50,2
1360,64daa912,2
1361,64ff26cc,1
1362,651ed6bb,2
1363,652b616f,3
1364,656c3a8a,1
1365,656e9d15,1
1366,6581dac3,1
1367,65977f13,4
1368,659e0b9f,2
1369,65a019f5,4
1370,65ca0867,1
1371,65cc3cc2,4
1372,65cf3b26,1
1373,65e1fd43,1
1374,65f3a018,3
1375,65f5b052,1
1376,65fa918d,2
1377,6600bc62,1
1378,66012283,1
1379,66148a85,1
1380,66280ff9,1
1381,66410bfa,1
1382,665e8b0e,1
1383,6698e961,1
1384,66b22c9a,1
1385,66dd908c,1
1386,66e4b6fd,1
1387,66ffece5,1
1388,670b0bab,3
1389,6723c58e,1
1390,672488c3,1
1391,674e31fa,1
1392,675dac7b,2
1393,676c5599,1
1394,676f4c31,1
1395,67bda29a,1
1396,67c286bd,3
1397,67db6671,2
1398,67f04d1c,1
1399,67f22ca0,1
1400,67f22e3d,1
1401,68071a76,1
1402,6813e66c,1
1403,682a86fe,1
1404,6850d4eb,2
1405,6856972a,1
1406,68574890,1
1407,68cb68ff,1
1408,68e0a1b6,1
1409,68e73521,1
1410,68f06917,1
1411,68f6e2b8,2
1412,69018208,1
1413,692ed8b8,3
1414,6944f828,1
1415,6952e20f,1
1416,695951d0,4
1417,695afecc,3
1418,696fac87,1
1419,697df130,1
1420,69b519fb,1
1421,69ea9a94,3
1422,69fa10a8,3
1423,6a280e4b,1
1424,6a289360,4
1425,6a37e1a4,3
1426,6a3fa9e1,2
1427,6a510fb1,2
1428,6a54e2ea,3
1429,6a59c919,1
1430,6a7959cf,1
1431,6acd5f87,1
1432,6ad6fe46,1
1433,6aeea11a,1
1434,6b09c9aa,1
1435,6b284cd5,1
1436,6b38e9f6,4
1437,6b47917e,4
1438,6b825efe,1
1439,6b9531e7,1
1440,6b9f7397,1
1441,6bb95f39,1
1442,6bbe92d1,3
1443,6bd11063,1
1444,6bd2b10b,1
1445,6be20033,1
1446,6be628f4,1
1447,6bf113e5,1
1448,6c00639e,1
1449,6c309ed3,1
1450,6c3ebdf7,4
1451,6c411bc3,1
1452,6c4dab2c,1
1453,6c648b60,1
1454,6c803eec,4
1455,6c838b5e,1
1456,6c841aba,1
1457,6c904379,1
1458,6c9ffcb9,1
1459,6ce617c1,1
1460,6cea2f4d,1
1461,6cf4af7d,1
1462,6d051da4,1
1463,6d088111,1
1464,6d26f618,1
1465,6d3cd6ad,1
1466,6d434798,3
1467,6d589dad,1
1468,6d7dec2b,1
1469,6d8c1482,1
1470,6d8caf40,2
1471,6d8df652,2
1472,6d9be133,1
1473,6dbea2cb,1
1474,6dcf7ea2,1
1475,6de6bec3,4
1476,6de8a31e,1
1477,6deb64ba,4
1478,6dee7de9,2
1479,6df70ea3,3
1480,6e3f7d50,4
1481,6e57b123,1
1482,6e6b1127,1
1483,6e73f933,2
1484,6e959564,1
1485,6eb7645e,1
1486,6ebc7826,1
1487,6ed57b67,1
1488,6ef98f20,1
1489,6f0c9517,1
1490,6f384703,1
1491,6f3c3489,1
1492,6f415f01,1
1493,6f4bc75d,3
1494,6f5e15d9,1
1495,6f654564,1
1496,6f75aeed,1
1497,6fca8691,1
1498,6fde602b,1
1499,6fde91e7,1
1500,6feab85c,2
1501,700045ad,4
1502,7003036e,2
1503,701ebf9d,3
1504,7043fabd,1
1505,7051ac01,3
1506,7055f691,1
1507,706476fe,1
1508,70693b9e,1
1509,7078838e,2
1510,70816e4b,1
1511,708faf57,1
1512,709c2055,1
1513,70a97d62,2
1514,70aa10d3,2
1515,70acb0d3,4
1516,70ae2ec3,2
1517,70dcf78a,1
1518,70de1983,3
1519,70e724e4,1
1520,70e7c8dd,1
1521,71080044,1
1522,710d2635,1
1523,710f20b6,1
1524,71314150,1
1525,716f1be5,1
1526,717e36ea,1
1527,7190fb45,1
1528,719b9a86,1
1529,71aec856,1
1530,71e0e02e,3
1531,71f1278b,4
1532,71fb40d2,1
1533,72189da5,1
1534,721df528,1
1535,72203ad0,1
1536,722b4a41,1
1537,724f81d1,1
1538,72709d7a,1
1539,727ab656,1
1540,727ef942,1
1541,727f3e3d,1
1542,7285fe76,1
1543,72861b10,1
1544,729c71c9,1
1545,729ca4df,1
1546,72b5c7ed,4
1547,72c5223d,1
1548,72dfdabc,1
1549,72e114d0,1
1550,72f69663,3
1551,73172f5c,4
1552,736d4926,1
1553,737bb0cf,1
1554,73922bfd,4
1555,73b45fd3,1
1556,73b62397,1
1557,73d2ab2d,1
1558,73d9979d,1
1559,73eeccfb,2
1560,73fe455e,1
1561,741085c8,1
1562,741872da,3
1563,74915592,1
1564,74960c51,1
1565,749d3625,4
1566,749e976d,1
1567,74c84b7c,1
1568,74e28217,4
1569,74ebc34e,1
1570,74f6e595,1
1571,74fc9a34,1
1572,75082a51,2
1573,75211552,3
1574,75326455,1
1575,75366ab9,2
1576,75384b40,1
1577,753b4ce4,3
1578,753d1edc,1
1579,753e6303,1
1580,756930d6,1
1581,75742fb5,1
1582,75976cb8,1
1583,759c0061,1
1584,75ba7dbe,2
1585,75c58191,1
1586,75c9d797,1
1587,75d5aab4,1
1588,75d5c532,2
1589,75f1213d,1
1590,761aa3db,1
1591,761e13ec,1
1592,7647601f,1
1593,7650a3e9,1
1594,7665fa69,1
1595,76ade46c,2
1596,76b51c6c,1
1597,76bbd6ef,1
1598,76e7afbe,1
1599,77107e13,1
1600,7762b90b,1
1601,7763452f,1
1602,7764313d,1
1603,776b8cad,1
1604,777b537e,2
1605,7791076d,4
1606,7798b176,1
1607,77a1a5fe,1
1608,77a5f8af,2
1609,77c1e968,2
1610,77c3c556,1
1611,77d0ee05,1
1612,77d196c2,4
1613,77d4df5c,3
1614,77dbaefc,3
1615,78179e22,1
1616,7826ef65,1
1617,78284775,1
1618,783c6567,1
1619,784a2090,1
1620,787b4800,3
1621,789905d4,4
1622,78b55d1f,1
1623,78d09634,1
1624,78ee0103,1
1625,791af35b,1
1626,7924fdab,3
1627,7939c2d8,1
1628,79794a78,1
1629,797efa23,1
1630,798e0f33,1
1631,799a62c1,3
1632,799aa407,2
1633,79c8b84d,2
1634,79daa9fe,1
1635,79df6457,1
1636,79eee8db,2
1637,79f4ecc3,1
1638,7a343ba9,3
1639,7a6d4ce2,1
1640,7a8b0a1d,1
1641,7aa0e682,1
1642,7aa9ace2,3
1643,7ab3a967,4
1644,7ac9a0cb,3
1645,7ad38aca,2
1646,7ade5458,1
1647,7ade6c70,1
1648,7b0467ee,1
1649,7b0546e6,4
1650,7b06be71,1
1651,7b26dd26,2
1652,7b3a2f98,1
1653,7b42e559,4
1654,7b495989,1
1655,7b4bad62,1
1656,7b5088e4,1
1657,7b6f2255,1
1658,7b8a1630,1
1659,7baba1c2,3
1660,7bb34df1,1
1661,7bc3ea29,1
1662,7bceb5c7,1
1663,7bdd9402,1
1664,7c0d3cd2,1
1665,7c0dbfd6,3
1666,7c2b6485,1
1667,7c3aba50,4
1668,7c45967c,2
1669,7c48f69f,2
1670,7c72bc72,1
1671,7c8ccc44,1
1672,7c9c77ef,3
1673,7c9f8d62,1
1674,7cb2900a,1
1675,7cb7000d,1
1676,7cf2591e,1
1677,7cfce782,1
1678,7d16a9cf,4
1679,7d1a4623,4
1680,7d1d73f2,1
1681,7d1f8998,1
1682,7d28ee2e,1
1683,7d5d9f41,1
1684,7d6785a1,1
1685,7d7f41f4,1
1686,7d8ea289,1
1687,7db18fe6,1
1688,7db38f38,4
1689,7df80906,1
1690,7e171c39,2
1691,7e2b3b70,1
1692,7e36480a,2
1693,7e3fd356,4
1694,7e4444fe,1
1695,7e5c5790,2
1696,7e666e4e,1
1697,7e680352,1
1698,7e7345da,1
1699,7e96e68b,1
1700,7eade4ee,1
1701,7ec1f870,2
1702,7eca2c8d,1
1703,7ef84f88,4
1704,7f01313f,1
1705,7f03f563,3
1706,7f09836e,3
1707,7f51a60b,1
1708,7f62dcd9,1
1709,7f6520bc,3
1710,7f70adb2,4
1711,7f783b9f,1
1712,7f7a3854,1
1713,7fa6838b,1
1714,7fe01549,1
1715,7feae264,1
1716,7ff7df56,1
1717,7ff8712a,3
1718,802e84fb,2
1719,803aaf41,1
1720,80590de4,1
1721,806cd92a,1
1722,8084ade4,1
1723,810383d1,3
1724,8122be12,3
1725,812342b0,4
1726,814f4e49,1
1727,81713517,2
1728,8172a521,3
1729,8178dccc,1
1730,81835ca8,1
1731,81842545,2
1732,81a22a05,1
1733,81bc29ab,1
1734,81caef4d,2
1735,81d60f34,1
1736,81eef4d1,3
1737,81f8c034,1
1738,81fac800,1
1739,82900ae9,1
1740,829660a3,2
1741,82b57051,4
1742,82c716c9,1
1743,82e068e7,1
1744,82f56c88,1
1745,82fd3aa4,1
1746,8302519b,2
1747,830bcd82,1
1748,830fd637,3
1749,83106bb7,3
1750,8350baaa,2
1751,83580d98,1
1752,835bd5da,1
1753,836ffc6d,1
1754,837d8fbf,1
1755,8388ada9,1
1756,838ea4e1,3
1757,83a8a617,1
1758,83c41b11,1
1759,83f41842,3
1760,83fe4c4c,1
1761,83feb89f,4
1762,841bab23,2
1763,84296bc3,1
1764,8436b621,1
1765,84378eb1,3
1766,8451d49d,1
1767,845666ee,1
1768,84809276,1
1769,849ab1c2,1
1770,849d543e,1
1771,849fc03e,1
1772,84b1dc79,4
1773,84c411f6,4
1774,84c5e8e2,1
1775,84de0163,4
1776,8514f856,1
1777,85164a26,1
1778,8522e7e6,1
1779,8529345c,1
1780,85664405,1
1781,858e387c,1
1782,85ad02fe,1
1783,85b135e5,1
1784,85b9276c,1
1785,85b92b38,1
1786,85d3f04f,1
1787,85e1ae82,1
1788,85e86531,1
1789,860b5c5a,1
1790,86128052,1
1791,861cbbcb,1
1792,863061d9,1
1793,86378a2d,2
1794,864a2445,1
1795,864b9f73,1
1796,866251f8,1
1797,866663fe,1
1798,866a3389,4
1799,866d6145,1
1800,867a90d9,1
1801,8683bd6e,1
1802,869e2a55,1
1803,86c0a841,1
1804,86c8f78a,1
1805,86c9ef9f,1
1806,86db842b,1
1807,86ec9e63,1
1808,8712a992,1
1809,871411fa,1
1810,873710ec,1
1811,874df1d7,1
1812,877f86cc,1
1813,8783d038,1
1814,879b37a5,1
1815,87bbfc8e,1
1816,87caf6ca,1
1817,87cfae9e,1
1818,87d3a077,1
1819,87d4b0f2,1
1820,88192868,1
1821,882422bf,1
1822,883f6fba,1
1823,884d5944,1
1824,8854ff82,1
1825,886c77a8,3
1826,88b594d3,1
1827,88c844cd,1
1828,88f63fb4,1
1829,890fcf6a,3
1830,891286cc,1
1831,891750c4,1
1832,89340906,1
1833,89346fa1,1
1834,893aaacd,1
1835,8951fb92,1
1836,8963c5f7,1
1837,897cc848,1
1838,89924c85,1
1839,89b3a6eb,1
1840,89c3ae3b,1
1841,89c69802,2
1842,89f1fcaf,1
1843,8a0e781e,1
1844,8a0f16a0,2
1845,8a2693dc,1
1846,8a43ba99,2
1847,8a68438c,1
1848,8a87bfe2,1
1849,8a8c1f23,1
1850,8a9c816d,1
1851,8ab6f71a,1
1852,8abcb91e,3
1853,8ac08fe1,1
1854,8ac9767a,3
1855,8ad98ee2,1
1856,8afec964,4
1857,8b137fa0,1
1858,8b4eb8d8,1
1859,8b91743d,1
1860,8bace32a,3
1861,8bba6be4,1
1862,8bd01a38,1
1863,8bdeb681,1
1864,8bf41c22,4
1865,8c4303b6,1
1866,8c4387a6,3
1867,8c45288d,1
1868,8c50f66b,1
1869,8c741ae2,1
1870,8c8915af,4
1871,8ca82832,1
1872,8cc01d1d,4
1873,8cc2eaa7,1
1874,8ccc88b1,1
1875,8cda1d8e,1
1876,8cf3aa94,1
1877,8d013120,1
1878,8d44100e,2
1879,8d5c59c5,1
1880,8d6f7c8b,1
1881,8d734a79,1
1882,8d8d2eb5,1
1883,8d96f086,3
1884,8ded5228,1
1885,8defef89,4
1886,8e0341ee,1
1887,8e145c4e,1
1888,8e25594b,1
1889,8e6e06ac,1
1890,8e70bdc0,1
1891,8e86034b,1
1892,8ecf6a47,4
1893,8eeec71c,1
1894,8f04277e,1
1895,8f0b125b,1
1896,8f0cdb54,1
1897,8f1a1e5d,2
1898,8f5681d5,1
1899,8f577be3,1
1900,8f5e1c6c,1
1901,8f6ee872,1
1902,8f933d30,2
1903,8f994e8f,1
1904,8f9d91fb,1
1905,8f9e968c,1
1906,8fa39c79,3
1907,8fb38d4d,1
1908,8fc15b99,1
1909,8fc4d36c,2
1910,8fddd969,4
1911,8fe6eb22,1
1912,90035368,1
1913,900aa28b,1
1914,9021ee22,1
1915,9040685e,1
1916,905aa42f,1
1917,905c93c4,4
1918,9079922a,1
1919,90827fc9,1
1920,9090977e,1
1921,90918441,4
1922,90a45a01,1
1923,90d147ff,1
1924,90e51226,1
1925,90ee0d6b,4
1926,90f4b545,1
1927,910490b7,1
1928,912a3e6c,1
1929,91309440,1
1930,9152b228,0
1931,915a6363,2
1932,9175a960,3
1933,917a6180,4
1934,91ade0b5,1
1935,91b02390,1
1936,91d7dd16,1
1937,91fefa52,1
1938,920cf99c,1
1939,92430dae,1
1940,9244b549,4
1941,927f29de,3
1942,92977a65,2
1943,929eae8d,3
1944,92d08737,2
1945,92dfb3eb,3
1946,92e1220d,4
1947,92fc6ee5,1
1948,93129bbe,1
1949,931bc051,1
1950,932c3221,1
1951,9334f132,1
1952,9338d385,4
1953,93547353,4
1954,93665027,4
1955,937d8711,2
1956,93ca8e96,1
1957,93d58755,1
1958,93ec3cb0,1
1959,940616e9,1
1960,94222e49,4
1961,94301070,2
1962,945d9535,1
1963,947dad95,1
1964,94932f12,1
1965,94a0dfd5,1
1966,94b556bc,1
1967,94c847e8,1
1968,94cba32d,1
1969,94cbc288,2
1970,94d583c5,1
1971,94e2d0ae,1
1972,94f8249b,2
1973,9534e311,3
1974,953f626b,0
1975,958d9c84,3
1976,95989291,1
1977,959a58d8,3
1978,95b26cf8,1
1979,95c4ba2b,1
1980,95d0a8a0,1
1981,95db16fb,1
1982,95f9f8c4,1
1983,95fbc8f5,1
1984,962cf4cb,1
1985,964b2a5a,4
1986,966dd5f6,1
1987,966e8ac9,4
1988,96764982,1
1989,969dc5a8,1
1990,96a125b0,3
1991,96a51718,1
1992,96ba0ad6,4
1993,96ceac87,2
1994,96d1d2ee,1
1995,96d9343d,1
1996,96df120b,1
1997,96fed3fc,1
1998,970f2e93,1
1999,971f1fcd,1
2000,97280816,3
2001,9729a6b5,1
2002,9736d401,3
2003,9753db94,1
2004,97693fee,4
2005,976b795f,1
2006,9775bfd3,1
2007,978814f6,4
2008,979538da,1
2009,97bbea82,1
2010,97c40bf5,1
2011,97fd585d,1
2012,980565f4,1
2013,9808eef2,4
2014,980e02c6,1
2015,980e2856,1
2016,98153f94,1
2017,98235733,4
2018,9828fbe3,1
2019,982c0bb1,4
2020,985089cd,1
2021,9856b356,1
2022,985cb98b,1
2023,986decfd,1
2024,986eefa9,1
2025,988b9036,2
2026,98a56322,2
2027,98a9397b,1
2028,98a9de6f,4
2029,98dbc2a4,1
2030,9903d171,4
2031,9910fb1f,2
2032,9929e6a3,1
2033,992cfa62,1
2034,998f5f4f,3
2035,9991546d,1
2036,99abb58d,4
2037,99d4debd,1
2038,99e5458f,1
2039,9a03f424,3
2040,9a240faa,3
2041,9a509214,1
2042,9a56ba55,1
2043,9a65ff8d,1
2044,9a75984c,1
2045,9a79922b,1
2046,9a91d604,1
2047,9aadfdcf,1
2048,9acb8be8,1
2049,9aeebfd7,1
2050,9af479bb,4
2051,9b04c7a6,1
2052,9b0eb39c,2
2053,9b186ab3,1
2054,9b2135a8,4
2055,9b306739,2
2056,9b39cd9f,1
2057,9b426de4,1
2058,9b4bef61,3
2059,9b583ff4,2
2060,9b8e6514,1
2061,9ba65b97,1
2062,9bc67429,3
2063,9bd87401,2
2064,9be08c55,1
2065,9bfcb8d9,4
2066,9c109d43,1
2067,9c193532,3
2068,9c34b49b,1
2069,9c760e4f,1
2070,9c7e3711,1
2071,9c81e37f,1
2072,9ca73643,1
2073,9cc43d29,2
2074,9cc5a3d9,1
2075,9cc5b9fe,4
2076,9ccfa7bd,3
2077,9cd57547,4
2078,9cdeaa93,1
2079,9ce10435,1
2080,9ce479cf,1
2081,9cf6b0a0,1
2082,9d18e1d2,1
2083,9d1e2683,1
2084,9d2884fa,1
2085,9d2bcc02,1
2086,9d416eb5,1
2087,9d60f60a,1
2088,9d675f16,1
2089,9d72b7e5,4
2090,9d9f8e61,1
2091,9dabce2d,1
2092,9dbd12dc,1
2093,9dc1e788,1
2094,9ddc5410,1
2095,9ddf4030,4
2096,9de50b32,1
2097,9ded2c0e,1
2098,9df8a176,1
2099,9dfb6234,1
2100,9e12b2a9,1
2101,9e23e135,3
2102,9e2cb2be,1
2103,9e31aba4,3
2104,9e478bdc,1
2105,9e74cd2f,1
2106,9e82bf24,3
2107,9e85171c,1
2108,9e91638e,1
2109,9e962338,1
2110,9eb1c68e,1
2111,9ec3fc89,2
2112,9edecddd,4
2113,9ee7415c,1
2114,9eec4d02,1
2115,9f21afd2,4
2116,9f3535cd,4
2117,9f553c4c,3
2118,9f7488eb,1
2119,9f81c780,1
2120,9fdb8fb8,1
2121,9ffefc08,1
2122,a00d077a,1
2123,a0289042,4
2124,a03b745e,1
2125,a0500f88,1
2126,a062876d,3
2127,a073d05a,4
2128,a077cc31,3
2129,a0995c5d,1
2130,a09e4466,4
2131,a09efeac,4
2132,a0a0264f,1
2133,a0aec406,1
2134,a0c66f35,1
2135,a0e6bc37,4
2136,a0e8c31e,3
2137,a0f71305,1
2138,a0f97563,1
2139,a0fb38b6,1
2140,a10f9797,1
2141,a1115754,1
2142,a12f7feb,1
2143,a1364adb,1
2144,a13ffd45,3
2145,a14c4f8a,1
2146,a1553a9f,2
2147,a15d2ea1,1
2148,a16baab1,4
2149,a179985c,1
2150,a18b0eba,4
2151,a1925735,1
2152,a1a43ad4,1
2153,a1b23c99,1
2154,a1f55488,1
2155,a20de232,1
2156,a21a39f8,3
2157,a237ca82,1
2158,a23a3514,3
2159,a2598fe6,1
2160,a2609f67,1
2161,a275112b,1
2162,a275fe10,1
2163,a277f2ea,1
2164,a27d3929,1
2165,a2b06824,1
2166,a2bee868,1
2167,a2c898c7,1
2168,a2cfd4ec,1
2169,a2ea503b,1
2170,a2f0ea64,1
2171,a3379990,2
2172,a38e5609,3
2173,a396ce76,2
2174,a3b43389,1
2175,a3c140e5,2
2176,a3c70e39,1
2177,a3e839d0,1
2178,a3ebb758,3
2179,a4136173,1
2180,a4176d38,4
2181,a41c0852,1
2182,a4217051,4
2183,a4245831,1
2184,a436acc9,1
2185,a45cc256,1
2186,a45ecec4,1
2187,a46a58ca,1
2188,a46ef90f,1
2189,a4781b8e,1
2190,a478a2e6,3
2191,a47ce9e7,4
2192,a48ae450,1
2193,a4913392,2
2194,a49ba1d7,1
2195,a49d9153,1
2196,a4c38822,4
2197,a4c4018f,4
2198,a4c485f7,1
2199,a4d969b5,1
2200,a4e5718f,1
2201,a4fe6dca,1
2202,a52a270b,2
2203,a5418e0b,1
2204,a54bff8d,1
2205,a54f8950,2
2206,a55e3771,1
2207,a5638061,1
2208,a563ce4c,1
2209,a577255a,4
2210,a5920d73,1
2211,a59b4797,1
2212,a5d72b3a,1
2213,a5d9f83b,1
2214,a5da02c5,1
2215,a5f58ce6,1
2216,a5ff3d2d,1
2217,a6064fd4,4
2218,a62c6be4,1
2219,a62d36e8,1
2220,a64922a0,1
2221,a64b86ef,1
2222,a67b9fb8,1
2223,a6d39a81,1
2224,a6ec8624,3
2225,a6f4f226,1
2226,a6f83698,1
2227,a6f93105,1
2228,a712acf9,1
2229,a713f3c2,1
2230,a74e5646,1
2231,a74eeac7,2
2232,a778be11,4
2233,a789a11e,3
2234,a7907aa7,4
2235,a79ac5bb,2
2236,a79eb211,1
2237,a7c17943,1
2238,a7da09f9,1
2239,a7f90a65,1
2240,a804d1f9,1
2241,a80feca8,1
2242,a817e7d6,2
2243,a818eb42,2
2244,a8653228,3
2245,a8a6bfee,1
2246,a8c3b27d,1
2247,a8d0fd97,4
2248,a8e118ab,1
2249,a8fa6028,1
2250,a93a5526,1
2251,a93f8745,1
2252,a952c4e0,1
2253,a9547a37,1
2254,a955efb3,3
2255,a97664c3,1
2256,a991a0fd,1
2257,a993f87f,1
2258,a9c28b46,3
2259,a9c85795,1
2260,a9f5df96,4
2261,a9f86880,1
2262,aa105867,1
2263,aa14bb4f,1
2264,aa1b45e2,1
2265,aa4271c8,2
2266,aa4a0082,1
2267,aa4e6f97,1
2268,aa55947f,1
2269,aa659341,1
2270,aa730c97,2
2271,aaa55fc7,1
2272,aab0f555,1
2273,aabf8bab,1
2274,aad3c8e3,1
2275,ab09d76b,1
2276,ab15f4ec,3
2277,ab164eec,2
2278,ab21b746,1
2279,ab311fa4,1
2280,ab3951d4,1
2281,ab42a9ce,1
2282,ab4b3696,1
2283,ab531367,1
2284,ab7d5db6,4
2285,ab818e25,1
2286,ab86de5d,1
2287,ab994bb3,2
2288,abdb7c2f,1
2289,abddae11,1
2290,abf7fb9a,3
2291,ac202430,1
2292,ac24e4a0,1
2293,ac3acdb4,1
2294,ac423d8d,2
2295,ac42b928,4
2296,ac6609a0,4
2297,ac75c856,1
2298,ac7abb4b,1
2299,ac8c9050,1
2300,ac943d7b,1
2301,ac9db3b9,2
2302,acade5c0,1
2303,acdb8c1c,1
2304,ace006de,3
2305,ace586f5,1
2306,ad0357ed,0
2307,ad0e6946,1
2308,ad1c1d46,4
2309,ad28bf0c,1
2310,ad353749,1
2311,ad3df68b,1
2312,ad51392c,4
2313,ad8806b8,1
2314,adab4c08,2
2315,adb3cab7,1
2316,adc125b9,1
2317,adcfdbe1,3
2318,ade266fd,1
2319,adf44e9b,4
2320,ae0b3e8e,3
2321,ae2cd8fa,1
2322,ae341cce,1
2323,ae4d81d3,1
2324,aea053e0,1
2325,aed889b5,4
2326,af054027,3
2327,af4d369a,2
2328,af64bd75,3
2329,af653c59,1
2330,af757932,4
2331,afa2496a,4
2332,afe46b7a,4
2333,b009b632,1
2334,b019325c,1
2335,b02cfc7c,1
2336,b0392df9,1
2337,b068d6ec,1
2338,b07ffab5,1
2339,b0842b0e,3
2340,b0891f78,1
2341,b08ae624,1
2342,b0977ff8,2
2343,b0f34d10,0
2344,b0fa60ef,1
2345,b11f9d4d,1
2346,b11fc68a,1
2347,b121e22a,2
2348,b1341e7b,1
2349,b1542298,3
2350,b15dcef6,2
2351,b1948374,4
2352,b1a7a642,3
2353,b1aef857,1
2354,b1d87dc3,2
2355,b1f4b03d,1
2356,b1f55824,1
2357,b225801f,1
2358,b23b3bfb,1
2359,b23dac89,4
2360,b24c29dc,3
2361,b25a18ea,1
2362,b25b7209,3
2363,b2604ae8,4
2364,b26e1abf,2
2365,b2815f96,4
2366,b291ba77,2
2367,b2a46e93,1
2368,b2e05d73,1
2369,b2f8e0d9,1
2370,b3106f00,3
2371,b31a2211,1
2372,b32e4734,2
2373,b33c8cc6,1
2374,b33fd807,1
2375,b3450a53,1
2376,b3542229,2
2377,b359ef0e,4
2378,b35b7996,1
2379,b364d8e8,1
2380,b369308c,1
2381,b377da18,1
2382,b3787a8e,1
2383,b37bed73,2
2384,b37f579c,2
2385,b384b8c7,1
2386,b38d580a,1
2387,b393aec6,1
2388,b3b69b81,1
2389,b3b7da89,1
2390,b3d74dea,1
2391,b3dd9303,1
2392,b3df35f1,1
2393,b430c95b,1
2394,b4533683,3
2395,b46624b0,1
2396,b46fd4b8,2
2397,b471187b,1
2398,b478b8b7,1
2399,b479bedc,1
2400,b47d6fc4,1
2401,b48655b3,1
2402,b49a909a,1
2403,b4a128fd,1
2404,b4b565f9,3
2405,b4e3fc46,1
2406,b4f55243,1
2407,b4f6fe7d,3
2408,b4f90475,1
2409,b50a480f,1
2410,b51add86,1
2411,b52271e3,3
2412,b52853f4,4
2413,b54cc8eb,1
2414,b5583f54,1
2415,b55cfdf9,1
2416,b56a1a99,1
2417,b58f5649,1
2418,b5a5433e,1
2419,b5abc8ad,1
2420,b5bb4ff3,3
2421,b5cffd68,1
2422,b5e4b5d9,1
2423,b5f38023,1
2424,b5fca2f9,1
2425,b60ec19e,1
2426,b61d8457,1
2427,b62a6195,4
2428,b62f655f,1
2429,b6d73f6b,1
2430,b6e4562d,3
2431,b6ed6b4e,4
2432,b6ffab5c,1
2433,b70e4956,1
2434,b7197218,1
2435,b740891c,4
2436,b74413fe,1
2437,b78242f5,1
2438,b7859a08,1
2439,b799f0f1,1
2440,b7a19ece,1
2441,b7ba9de5,1
2442,b7bb9af9,1
2443,b7f6528a,1
2444,b7fd0014,2
2445,b81319ae,1
2446,b81aec0e,1
2447,b828cfce,1
2448,b82aa3d0,1
2449,b83511dd,3
2450,b83bf5a5,4
2451,b864d50c,1
2452,b88461ec,4
2453,b8acfa86,1
2454,b8af201e,1
2455,b8c0c5ae,1
2456,b90f7d24,1
2457,b93ed987,1
2458,b95c3395,4
2459,b96ae6ce,3
2460,b97e9ad6,1
2461,b9883deb,1
2462,b993f3f0,1
2463,b99680fe,1
2464,b99b71cf,1
2465,b9b27194,4
2466,b9d00185,1
2467,b9e97ed9,3
2468,ba099d79,1
2469,ba0e0676,1
2470,ba303d3d,1
2471,ba35ba24,0
2472,ba390bae,1
2473,ba76323b,4
2474,ba77f1e6,1
2475,ba8635bb,2
2476,ba897543,1
2477,ba9fa082,4
2478,baa3ef18,1
2479,baa6929e,1
2480,bab71441,1
2481,babdec9d,1
2482,bac44430,1
2483,bae55fa4,1
2484,baf37589,2
2485,bb00d86d,1
2486,bb0fb115,1
2487,bb10af51,1
2488,bb167c6b,1
2489,bb4a678a,4
2490,bb50304d,1
2491,bb634a12,1
2492,bb70e847,1
2493,bb990376,3
2494,bbab3113,1
2495,bbe0444f,1
2496,bbe1c310,3
2497,bbe26892,1
2498,bbe79ace,2
2499,bbf5caa5,1
2500,bbf93bdb,1
2501,bc050f7c,1
2502,bc323047,1
2503,bc4e0045,1
2504,bc55d413,1
2505,bc643a18,1
2506,bca3489a,1
2507,bcb4584c,2
2508,bcc5d45e,1
2509,bcccd61e,1
2510,bcd48afc,1
2511,bcdbfd71,1
2512,bd05c924,1
2513,bd3dbe5c,1
2514,bd45dd76,1
2515,bd5100f3,1
2516,bda35088,1
2517,bdab2784,1
2518,bdd833f3,1
2519,bddb02e5,1
2520,bde09018,1
2521,bde76633,1
2522,bdfad87c,1
2523,be105937,1
2524,be1a33dd,3
2525,be1b68b9,4
2526,be1dd2b1,1
2527,be25a703,1
2528,be284f80,1
2529,be35c34e,1
2530,be5849a1,1
2531,be70e898,1
2532,be7b71ec,4
2533,be9a6f25,1
2534,beabc1a1,1
2535,beb0b810,2
2536,beb31c6a,1
2537,bec62550,1
2538,bec650f3,1
2539,bedf98b8,1
2540,bee4224e,2
2541,bee426e7,1
2542,beec366e,1
2543,bf233f23,1
2544,bf2ef18c,1
2545,bf2ffc89,3
2546,bf3bbca7,1
2547,bf4db616,1
2548,bf6c5b96,1
2549,bf76577e,1
2550,bf782fe6,1
2551,bf906bbf,1
2552,bf9ca008,3
2553,bfaa3a46,1
2554,bfaa5271,3
2555,bfba7106,1
2556,bfc1b8c3,4
2557,bfd7b96a,1
2558,bfe42ce0,1
2559,bff5db8c,1
2560,c014c8b5,1
2561,c021b7c2,1
2562,c028b18c,4
2563,c0370332,3
2564,c03800fe,1
2565,c041f4a6,3
2566,c05720ff,1
2567,c062c1e5,2
2568,c064f6a2,4
2569,c0964003,1
2570,c0971b91,2
2571,c0a95ea4,1
2572,c0de286c,1
2573,c0e0354d,1
2574,c0e29597,1
2575,c0f291e0,1
2576,c1046457,1
2577,c120ef79,2
2578,c12e5057,4
2579,c148003d,1
2580,c1552cff,1
2581,c15bf5fd,1
2582,c15fb28c,4
2583,c182e243,1
2584,c18bd13a,1
2585,c199bd2d,1
2586,c19b35d6,1
2587,c1ce28a2,2
2588,c1e72ff2,1
2589,c20f1c62,2
2590,c21c50f9,1
2591,c241cafb,1
2592,c28b5fda,1
2593,c2c47369,4
2594,c2d6b6af,1
2595,c2d89eb5,1
2596,c30cc44d,1
2597,c3410dca,1
2598,c34fe033,2
2599,c35fa059,4
2600,c36626d5,1
2601,c372a1b7,1
2602,c375c2ea,1
2603,c38624c9,4
2604,c38d130e,3
2605,c394e849,2
2606,c3a50153,1
2607,c3c0f780,1
2608,c3ea0f90,1
2609,c3eebf41,1
2610,c41cc375,1
2611,c42c7509,1
2612,c4313ca5,1
2613,c4915d21,2
2614,c4b415d8,1
2615,c4cc2294,1
2616,c4e3f0e0,4
2617,c4f43d51,2
2618,c50cb2a9,1
2619,c53076e5,1
2620,c533707c,1
2621,c544fde7,1
2622,c55854c0,2
2623,c566309e,3
2624,c592621c,1
2625,c5e15a3e,2
2626,c5f83f1d,1
2627,c6118cc7,3
2628,c6145560,1
2629,c61d11f6,1
2630,c633d04c,1
2631,c63cad2f,2
2632,c6448487,1
2633,c64a0610,1
2634,c6623f59,1
2635,c68866e5,1
2636,c68b7fde,3
2637,c6a44922,4
2638,c6a4a51a,1
2639,c6ac2095,1
2640,c6b0697a,2
2641,c6c435d9,1
2642,c6c84f29,1
2643,c6d58113,1
2644,c6d8edeb,1
2645,c6e11d0d,1
2646,c6ffa4c3,1
2647,c71dcae0,1
2648,c7238f1a,3
2649,c726bd76,1
2650,c7427467,1
2651,c74c332b,1
2652,c74f6dfe,4
2653,c7797e29,1
2654,c79307c6,1
2655,c7936fbe,1
2656,c79706c9,1
2657,c79e8dd9,2
2658,c7cbb342,1
2659,c7f0b567,4
2660,c7ffc57f,1
2661,c7ffe2ae,1
2662,c8037b78,1
2663,c82eee5e,1
2664,c854375b,1
2665,c8681c81,1
2666,c86d88dd,1
2667,c88d6e5e,3
2668,c8a0d76d,4
2669,c8b99328,1
2670,c8c0b094,3
2671,c8d39930,1
2672,c8eaee0e,2
2673,c8f3495f,1
2674,c8f62532,3
2675,c8fb47e5,2
2676,c902f4ec,3
2677,c909e28b,1
2678,c916f21c,1
2679,c91d8f3f,2
2680,c930aa00,1
2681,c9472a76,3
2682,c977e78c,1
2683,c977ea84,1
2684,c98315f0,1
2685,c983e565,1
2686,c993e7e4,2
2687,c9962b67,1
2688,c99c3eec,1
2689,c99dba4a,1
2690,c99fa0a7,1
2691,c9d175d2,1
2692,ca10b0a6,1
2693,ca182344,1
2694,ca1d7b87,1
2695,ca2e930c,3
2696,ca39e4f7,2
2697,ca448178,4
2698,ca44f983,1
2699,ca4eebfa,1
2700,ca565d6f,1
2701,ca5ab8b9,3
2702,ca6276c2,1
2703,ca753a6a,1
2704,ca82e2b8,2
2705,ca83a7f1,1
2706,ca900c10,1
2707,cab6440d,1
2708,caeb40b6,1
2709,caf55f65,1
2710,caf6a2f3,1
2711,cb0f0254,1
2712,cb2a9f2b,1
2713,cb36030e,1
2714,cb364e10,3
2715,cb3c3281,1
2716,cb4071a3,1
2717,cb4d7e8f,1
2718,cb59ad25,1
2719,cb74ca8c,4
2720,cb7dfbf3,2
2721,cb7f41a3,3
2722,cb94afdd,2
2723,cb9ff3c8,1
2724,cbb97b98,1
2725,cbc01bca,1
2726,cbd7d8f3,1
2727,cbd863e8,1
2728,cbe3d6f1,2
2729,cbe7fe58,1
2730,cbeda991,3
2731,cbf35cf5,1
2732,cc1f2fc2,2
2733,cc2166e9,1
2734,cc3f0815,1
2735,cc5991c2,2
2736,cc88517c,1
2737,cc8b9328,4
2738,cca6e35e,1
2739,ccc9863d,1
2740,ccdbe24e,3
2741,ccfafcdf,2
2742,ccfbd44e,1
2743,cd325359,1
2744,cd3eb686,1
2745,cd443b60,1
2746,cd4ab955,1
2747,cd5d47e6,3
2748,cd728cac,2
2749,cd8818fe,2
2750,cda36e19,1
2751,cdbd0922,3
2752,cdbd79a3,1
2753,cdbd97f9,2
2754,cdc06305,1
2755,cdeee7a4,4
2756,cdf39ac0,3
2757,cdffbc4e,3
2758,ce0dac4e,1
2759,ce1b04ce,1
2760,ce30b2d7,1
2761,ce36d9ab,1
2762,ce492b63,3
2763,ce4f5c39,4
2764,ce5403bf,3
2765,ce792827,2
2766,ce942d8f,1
2767,cea11afe,4
2768,ceb66ef6,1
2769,ceba8850,2
2770,cec0597a,1
2771,cf0022c6,1
2772,cf14ce56,3
2773,cf269688,1
2774,cf458cdc,1
2775,cf4ad71f,3
2776,cf4b58e9,1
2777,cf4dac14,1
2778,cf660bdd,1
2779,cf70906b,1
2780,cf7e9097,1
2781,cf822ee5,1
2782,cf8508ba,1
2783,cf85c481,1
2784,cf8dd090,1
2785,cf8f8684,1
2786,cf9148a1,2
2787,cf9b88f7,1
2788,cfa0fe76,1
2789,cfac7c41,2
2790,cfb56f39,1
2791,cfc2311b,2
2792,cfdddacc,3
2793,cfe32518,1
2794,cffda02b,3
2795,d0021797,1
2796,d03165ed,1
2797,d048521c,1
2798,d067c4ba,1
2799,d06c3da5,1
2800,d07bcadb,4
2801,d0803b4c,1
2802,d0996ab2,2
2803,d0a41f0f,1
2804,d0a867da,1
2805,d0c91abe,1
2806,d1069cc1,1
2807,d1121ea2,3
2808,d11559d5,1
2809,d16b69d9,4
2810,d16dc6c8,1
2811,d17b0af4,4
2812,d184ffbe,1
2813,d1ac9655,1
2814,d1bb4aba,1
2815,d1c1ac75,1
2816,d211e1d6,1
2817,d2150fec,1
2818,d2657cb2,1
2819,d26aa255,1
2820,d2807c20,4
2821,d2999c08,4
2822,d2afec09,1
2823,d2c8819b,1
2824,d2d71246,4
2825,d2e79d79,1
2826,d30b4841,1
2827,d30ceb80,4
2828,d3437773,3
2829,d34ef373,1
2830,d3537046,4
2831,d35bbb21,3
2832,d382176d,3
2833,d3bda854,3
2834,d3bef2e2,4
2835,d3bf18b3,3
2836,d3d6e140,1
2837,d4004178,1
2838,d40bb7f4,1
2839,d4223cb4,1
2840,d44cea5c,2
2841,d44d27d4,1
2842,d45b420b,3
2843,d46418f3,2
2844,d4706109,1
2845,d49b9b82,1
2846,d49fec88,1
2847,d4a89d52,1
2848,d4cf1a34,2
2849,d4ddf418,1
2850,d4df18b6,1
2851,d4f3bf8a,1
2852,d4fcb23e,1
2853,d51e5e75,1
2854,d549107d,1
2855,d55c45d6,1
2856,d56527f2,1
2857,d568c333,1
2858,d58a84b0,1
2859,d58b33d5,1
2860,d5b0069c,1
2861,d5b1fb65,1
2862,d5cc4c0b,4
2863,d5d58de6,4
2864,d5d85e22,1
2865,d5e24641,1
2866,d6039fa4,1
2867,d611579e,1
2868,d61ae3cf,1
2869,d6232828,1
2870,d627ff35,1
2871,d62f203a,1
2872,d6330434,1
2873,d66f9b77,3
2874,d681b847,1
2875,d6845aa2,3
2876,d6877055,4
2877,d688e8f0,1
2878,d69ba757,1
2879,d6a85317,1
2880,d6a9e674,2
2881,d6b72275,4
2882,d6dca20a,3
2883,d6f66b59,3
2884,d704ddb6,3
2885,d7073bbd,1
2886,d70dbbcd,3
2887,d715057c,1
2888,d72b0d8f,1
2889,d7590d50,1
2890,d7b45f4a,1
2891,d7ba2221,1
2892,d7c5130e,1
2893,d7e6a415,1
2894,d7f6ed48,3
2895,d7f98bd8,2
2896,d80491ab,1
2897,d8113ca0,1
2898,d815a66f,1
2899,d81d2ba2,1
2900,d82046f1,1
2901,d8389445,1
2902,d839f293,1
2903,d8476f0e,1
2904,d85b52e1,3
2905,d863049c,4
2906,d8818dde,1
2907,d8a82c9e,1
2908,d8b29fe2,1
2909,d8d6fbf4,1
2910,d8f54f43,1
2911,d8f83725,1
2912,d9085b9c,3
2913,d925700e,1
2914,d92b69fd,1
2915,d956552c,2
2916,d95ae95b,0
2917,d96b9c70,1
2918,d97cd53b,1
2919,d9849450,1
2920,d9864a0b,1
2921,d98a385a,1
2922,d99b1081,3
2923,d99c875f,1
2924,d99f00ed,1
2925,d9af61ee,1
2926,d9afe400,1
2927,d9b4499d,2
2928,d9b641be,0
2929,d9c2f2ee,3
2930,d9fc331b,1
2931,da011bb1,1
2932,da0149e3,1
2933,da0a433e,3
2934,da109cb1,1
2935,da181bb6,3
2936,da2ef1a9,2
2937,da3d90d6,4
2938,da5606ae,2
2939,da5c5505,1
2940,da66fd90,1
2941,dacfbbcf,1
2942,daec175b,1
2943,dafd6073,1
2944,db055105,4
2945,db13fa86,3
2946,db1c4230,1
2947,db2e12ca,1
2948,db39dc43,1
2949,db4c5999,2
2950,db5e3699,1
2951,db8d5dc1,1
2952,db988d37,1
2953,dba248e1,1
2954,dba70dc9,2
2955,dbc9ed9c,1
2956,dbd64704,1
2957,dbde3ba8,1
2958,dbe995ff,1
2959,dbf94eb3,1
2960,dc3c103d,1
2961,dc7e7c7d,1
2962,dc82673d,1
2963,dca8a45f,1
2964,dd22fa18,1
2965,dd2c2892,2
2966,dd2d0a63,1
2967,dd3936af,4
2968,dd852629,1
2969,dd8a71b9,1
2970,dd8b08d1,1
2971,dd8bd800,1
2972,ddb7d4dc,1
2973,ddd079de,1
2974,dde63276,4
2975,ddea779f,1
2976,ddee91ab,2
2977,ddfa8fff,1
2978,de0364b7,1
2979,de1fbb32,2
2980,de29dc7f,1
2981,de2a1fb9,1
2982,de5191a2,4
2983,de6369cd,1
2984,de639c23,3
2985,de7c0e8a,1
2986,de975f74,1
2987,de9bf2e0,2
2988,dec3633d,1
2989,dedba0fb,1
2990,df23a933,1
2991,df427f48,1
2992,df882189,1
2993,df909eda,1
2994,df9bc7b9,1
2995,df9fd631,1
2996,dfd40c4f,4
2997,dfe1164f,1
2998,dfe23a6e,1
2999,dfef4082,1
3000,e0016894,4
3001,e0048822,1
3002,e009a3e2,1
3003,e011af31,2
3004,e02f13e0,4
3005,e035453d,3
3006,e0495755,1
3007,e06302ae,1
3008,e083256c,1
3009,e0b06482,1
3010,e0bc4fac,2
3011,e0c72b02,2
3012,e0c8fa45,2
3013,e0c92dfd,1
3014,e0cf1443,2
3015,e12387d6,1
3016,e13b8617,0
3017,e17bf25c,2
3018,e1845d68,4
3019,e1abf7dc,2
3020,e1ad7fae,1
3021,e1b2c5fa,1
3022,e1d81559,1
3023,e1deeb85,3
3024,e212c119,1
3025,e23d793a,4
3026,e259f9c4,1
3027,e26752ad,4
3028,e2768e90,3
3029,e2bf18dd,1
3030,e2c584e9,1
3031,e2f7b25a,4
3032,e3020e1b,1
3033,e30b7e36,1
3034,e30e6424,1
3035,e3359934,2
3036,e352bbbf,4
3037,e3614e72,4
3038,e36f635a,1
3039,e384c002,1
3040,e386c198,1
3041,e3ada1bb,1
3042,e3b19830,1
3043,e3b474c8,2
3044,e3b4cf03,1
3045,e3be54c2,1
3046,e42ee4d1,1
3047,e46eb25d,4
3048,e477d23f,3
3049,e481075f,3
3050,e495587b,1
3051,e49b5a1c,2
3052,e4acf638,4
3053,e4b621e5,3
3054,e4b8f694,1
3055,e4f12c75,3
3056,e4f1c002,4
3057,e4f88774,3
3058,e4f9c315,4
3059,e550171f,1
3060,e556db20,1
3061,e55f2e3f,1
3062,e57e626b,1
3063,e5885105,1
3064,e58cf3b7,1
3065,e599be82,1
3066,e5cecd28,1
3067,e5d0b0f2,1
3068,e5d2823c,1
3069,e5d88c4c,1
3070,e5ed9937,1
3071,e5f53bf1,1
3072,e609706b,2
3073,e61d65d6,1
3074,e62d21d3,1
3075,e64e4904,1
3076,e669c927,3
3077,e673ece7,1
3078,e6a43c8b,1
3079,e6ae9dfc,3
3080,e6bfd5eb,4
3081,e6cc543f,1
3082,e6ed34ee,1
3083,e6eff826,2
3084,e70cdb0e,2
3085,e71249f3,1
3086,e727eeb1,1
3087,e73ba586,2
3088,e73fb7d3,1
3089,e74d7a11,2
3090,e77ef989,3
3091,e7a439ba,1
3092,e7c6df08,1
3093,e7cb0b51,1
3094,e7d46876,1
3095,e7dd3cb7,1
3096,e80438d1,2
3097,e80be282,2
3098,e84957ab,1
3099,e86ea266,1
3100,e87b26f8,1
3101,e87e6ea1,4
3102,e8b31979,3
3103,e8bb9e90,1
3104,e8c4e03f,2
3105,e8e54d1a,1
3106,e8e96772,1
3107,e8f351a7,3
3108,e8f69749,1
3109,e90488c4,1
3110,e904fd20,1
3111,e90abf0d,3
3112,e90cfd3d,2
3113,e9112f06,3
3114,e920fb28,1
3115,e92b3918,1
3116,e92ba41a,2
3117,e930fcf5,2
3118,e9332e0e,1
3119,e948a921,1
3120,e9557595,1
3121,e9673a26,1
3122,e987a0df,3
3123,e98b3c56,1
3124,e9bac295,1
3125,e9cb44a8,1
3126,e9d99126,4
3127,e9dece3e,1
3128,ea24cec1,1
3129,ea2c11cd,1
3130,ea2cdb02,1
3131,ea2e66d8,2
3132,ea4a63ab,1
3133,ea4b15f5,1
3134,ea5ee996,1
3135,ea7bb99f,1
3136,ea8e733b,1
3137,eaa3ddee,1
3138,eac5b172,1
3139,eae3ace0,3
3140,eaff5ffa,1
3141,eb22f28a,2
3142,eb24dc8d,1
3143,eb26df6f,1
3144,eb271124,3
3145,eb2ffbea,1
3146,eb58c727,1
3147,eb7a9856,1
3148,eb85a5c1,1
3149,eba9406c,1
3150,ebb4d454,1
3151,ebbbc207,1
3152,ebd2ddaa,1
3153,ebdcfc21,1
3154,ebdda431,1
3155,ebefd2ce,1
3156,ebf44f89,4
3157,ebf87117,1
3158,ec481f0e,1
3159,ec7c71ad,1
3160,ec7dd51f,3
3161,ec8d5d39,1
3162,eca81f02,1
3163,ecb31d62,4
3164,ecb3ff17,1
3165,ecbebecc,3
3166,ecdc81c5,1
3167,ecf01a1a,2
3168,ed33be23,1
3169,ed3e8754,4
3170,ed4ddaf6,1
3171,ed9a8434,4
3172,ed9acb4d,4
3173,edb495c0,1
3174,edd1f1ae,1
3175,edfd10df,4
3176,ee1d64a3,1
3177,ee20f0c4,1
3178,ee287b41,1
3179,ee70450c,1
3180,ee74eb07,1
3181,eeaa2ece,1
3182,eec629c6,3
3183,eecdbff9,1
3184,eedd8c93,1
3185,eee769a9,1
3186,ef20be1e,1
3187,ef36390a,0
3188,ef3e29fd,1
3189,ef442ef8,1
3190,ef488946,1
3191,ef509860,3
3192,ef5e2344,1
3193,ef6dc3e4,1
3194,ef81a55a,1
3195,ef9212ac,1
3196,efb10961,2
3197,efe520bc,1
3198,eff83a0e,1
3199,effbb387,4
3200,f004fdb9,1
3201,f01275d2,4
3202,f01a6237,1
3203,f01ed37b,3
3204,f021aea7,1
3205,f032b066,1
3206,f03dcc3d,2
3207,f049d982,1
3208,f0626e8f,4
3209,f0646814,1
3210,f07572fd,1
3211,f07f5cd0,3
3212,f0d3e570,1
3213,f0d40dab,1
3214,f0dae4be,3
3215,f1145af3,2
3216,f15abbd2,2
3217,f17da2f7,1
3218,f18410ea,1
3219,f1890edd,1
3220,f18c63a0,2
3221,f193e000,1
3222,f196d34c,2
3223,f1c35aeb,2
3224,f26a791b,1
3225,f2734e7b,2
3226,f28b4ab0,1
3227,f295bbfd,1
3228,f29b4bf3,1
3229,f2b84b2a,1
3230,f2d2956c,1
3231,f2eeed14,0
3232,f313f107,4
3233,f325c19b,1
3234,f3298d68,1
3235,f34dc122,1
3236,f3845a54,1
3237,f38cd94b,4
3238,f390712c,1
3239,f3a257d0,1
3240,f3c183c1,1
3241,f3df86ed,1
3242,f453303d,1
3243,f461ea43,1
3244,f46b8a68,1
3245,f46b9a6f,4
3246,f492e826,1
3247,f4984881,1
3248,f4c27a6b,3
3249,f4de25bc,1
3250,f50b0395,1
3251,f5101a75,2
3252,f51d2655,1
3253,f51f19f4,1
3254,f51f312a,1
3255,f53f1dd6,1
3256,f5423479,1
3257,f548144b,2
3258,f556d451,1
3259,f574415f,4
3260,f590690e,1
3261,f5a41d5c,1
3262,f5a86d8e,4
3263,f5af4b2f,1
3264,f5c63093,1
3265,f5cb2031,1
3266,f5dfbe5a,3
3267,f5e88d0e,1
3268,f5f7f676,1
3269,f610dadb,1
3270,f63540c3,1
3271,f6366e9c,1
3272,f649e19f,1
3273,f65b0ea1,1
3274,f65ce0e7,1
3275,f66c33ed,1
3276,f677ac47,1
3277,f67f1a6f,1
3278,f6819666,1
3279,f690db4a,2
3280,f6a2055f,1
3281,f6da2b59,3
3282,f6eb6fc0,4
3283,f7109c03,4
3284,f724b52b,1
3285,f740139a,1
3286,f74eb0c6,1
3287,f7518930,1
3288,f75696be,1
3289,f7763709,1
3290,f7805a33,1
3291,f7841ff8,1
3292,f785d880,1
3293,f7d4022a,1
3294,f7ea2899,1
3295,f7f440d1,1
3296,f827a5d9,1
3297,f84ce0dd,2
3298,f84cef5a,1
3299,f86104a4,2
3300,f86c6f6a,1
3301,f87cfdf6,2
3302,f88057a6,4
3303,f88570bc,1
3304,f89ef600,2
3305,f8a7e315,1
3306,f8acd0ae,1
3307,f8b2a73c,1
3308,f8dd0503,1
3309,f8e401af,4
3310,f8e886d7,4
3311,f8ea1b5a,2
3312,f9097550,1
3313,f918c20c,1
3314,f94c382f,1
3315,f953a9cb,1
3316,f959fb17,1
3317,f95b3344,1
3318,f9731fc2,1
3319,f97649d4,1
3320,f988b72b,1
3321,f996356b,3
3322,f9964e28,2
3323,f9973dcc,1
3324,f99ec954,1
3325,f9ca357a,1
3326,f9cb581e,1
3327,fa0d5dc7,1
3328,fa474097,4
3329,fa47b359,1
3330,fa538846,1
3331,fa54e5b2,1
3332,fa5529db,1
3333,fa6391f7,1
3334,fa7e0924,1
3335,fa802fa5,3
3336,fa9607a1,1
3337,fa9a8b35,2
3338,fa9a9c1d,1
3339,faa86f11,1
3340,fabadd86,2
3341,fb10a828,4
3342,fb1ae127,1
3343,fb1b919e,1
3344,fb1e7a5f,1
3345,fb231082,1
3346,fb44434c,1
3347,fb49f43d,1
3348,fb678e83,1
3349,fb79d756,1
3350,fb7bd9d4,3
3351,fb7e9875,1
3352,fb899fd1,1
3353,fb94b073,4
3354,fbd7def0,1
3355,fbe6e570,4
3356,fbead195,1
3357,fc3959c1,1
3358,fc972ac1,2
3359,fca38165,1
3360,fcc97e22,2
3361,fcfdb05d,1
3362,fd0d7353,1
3363,fd0ff771,1
3364,fd38e209,2
3365,fd4731db,1
3366,fd4b05a7,1
3367,fd53dc5a,1
3368,fd796a1d,1
3369,fd9a6324,1
3370,fd9b83a0,3
3371,fd9b96eb,1
3372,fda69adc,1
3373,fdcce134,1
3374,fdcf7fef,4
3375,fdd75001,1
3376,fddd60b8,1
3377,fdde37d7,1
3378,fdfb550d,4
3379,fe17843a,4
3380,fe2fde5f,3
3381,fe428ab1,1
3382,fe42a987,3
3383,fe45aa33,1
3384,fe504d17,1
3385,fe5980d8,3
3386,fe66a346,2
3387,fe68f31b,1
3388,fe96d4dd,1
3389,fe9b0514,4
3390,fea29475,1
3391,fea883d8,1
3392,feab68ba,1
3393,feb1e888,1
3394,feb6dc99,1
3395,fec53ee3,1
3396,fee3805e,3
3397,fefabe4a,2
3398,ff7ca16d,1
3399,fface2f4,1
3400,ffc62332,1
3401,ffdda14f,2
6,005dfb56,1
9,00b16c72,1
10,01021a5d,1
12,0123db1b,1
20,01ce2a9d,1
22,01db96ac,1
23,01e84fb3,1
24,01eb8dfe,1
27,0217df8d,1
30,02359c31,1
36,02d99064,1
37,02efc4cd,1
39,0320074e,1
41,032e3e45,1
42,03406ac3,1
47,03c7c548,1
48,03eb2637,1
50,03ff7f2c,1
53,044ebfb7,1
64,050854c3,1
65,0514c962,1
67,0527f4fc,1
71,058b5fdc,1
72,05aad701,1
75,05e3e0cd,1
77,0612a8db,1
80,06262bc5,1
85,065ee4f8,1
88,069d4647,1
89,06e47f18,1
98,07835988,1
99,078ff65c,1
100,079236c4,1
103,07e00b6d,1
115,08d367df,1
118,091f20e6,1
119,094c7bf6,1
121,095a8b6c,1
125,097a48a1,1
126,0983e0d4,1
130,09e07751,1
133,0a2b8f45,1
137,0a5f40e0,1
138,0a6dfaf0,1
152,0bd141e1,1
156,0c1600a3,1
158,0c6c9f2a,1
159,0c925937,1
161,0ca77977,1
162,0cb1152b,1
164,0cf0b9a0,1
166,0d334dfa,1
169,0d6c3b46,1
175,0df257c4,1
176,0dff9d53,1
183,0e687310,1
187,0eb72e05,1
188,0edd0864,1
193,0f0ff923,1
194,0f1ef378,1
196,0f3837e0,1
200,0f5d7790,1
204,0fa6de03,1
206,0fb73402,1
209,0fc1cd09,1
210,0fc61e39,1
215,10a9cf30,1
219,1120c250,1
224,1134b0ff,1
225,1138ab78,1
227,1180b065,1
233,11e8f2b7,1
243,1273811b,1
244,12988eaa,1
248,12dfff42,1
249,12ef7ccf,1
251,13446a6a,1
259,13e0d13a,1
260,13e34245,1
263,13ee7492,1
266,141752c1,1
267,143759a0,1
271,148ca9ed,1
273,14a72eef,1
278,15366b48,1
282,158e724b,1
283,15a9349f,1
284,15abe96f,1
288,15fa72f6,1
290,16303020,1
293,166a727b,1
303,16ff6be6,1
321,19880229,1
322,198977e4,1
323,198cc549,1
326,199f0374,1
331,19f4df3c,1
342,1ab946f8,1
344,1ac3c9dc,1
347,1b154804,1
358,1c455f53,1
360,1c5a2046,1
365,1cdd30e4,1
366,1ce16dcd,1
368,1cf898f2,1
372,1d18aa13,1
373,1d289153,1
379,1d9cff62,1
384,1e439b31,1
387,1e732c9e,1
388,1eaccb8d,1
389,1ed1570d,1
391,1ee680bc,1
398,1f39bf0a,1
407,204e9eb3,1
412,20ea3238,1
424,219f602e,1
427,22492e47,1
439,2312a530,1
445,235eeed9,1
449,239c0da8,1
450,239d35de,1
453,23fd7ecf,1
456,241345c3,1
457,2413c9fc,1
458,2419cab6,1
479,25c3dab8,1
480,25c44030,1
487,2609221c,1
492,2663ef96,1
496,26a03974,1
497,26ad2aa8,1
498,270c303d,1
499,270c3bd8,1
502,27450ef5,1
505,27685e4b,1
506,2778c755,1
512,28112214,1
513,28139e3f,1
517,289b0469,1
521,28f70659,1
522,29201c48,1
523,2924546f,1
524,29273da3,1
534,29d22f56,1
538,2a08f8bd,1
540,2a3e5926,1
541,2a45967e,1
549,2b0cf3d7,1
551,2b257c6d,1
552,2b27c8f7,1
554,2b81f037,1
563,2c37a921,1
568,2c820867,1
570,2c85fd84,1
571,2cadc0f2,1
573,2cbf40eb,1
576,2d1e1b3c,1
583,2dee2cae,1
586,2e0f25fe,1
592,2e79ae0c,1
593,2e7b79d1,1
594,2e7f76b4,1
595,2e946259,1
597,2ea0f6e1,1
599,2ec9c7ad,1
602,2f442bda,1
607,2f89deb1,1
618,301b6c87,1
619,30290cdb,1
621,30593e4f,1
623,30641d06,1
625,30bf4550,1
628,30dd3172,1
632,31342566,1
633,313d3930,1
634,3153c2de,1
637,3160e24e,1
639,3173d1bc,1
640,317e6299,1
644,31faf957,1
645,3201dd0c,1
651,32358035,1
654,32809f66,1
656,32c6074d,1
661,32ea156e,1
663,330d1a38,1
665,33408889,1
668,33b88173,1
673,34325f1c,1
683,34e88711,1
685,353435d0,1
687,354b597b,1
689,357d7a68,1
690,35a3eb04,1
698,361ca199,1
699,36336908,1
702,3686c3a8,1
707,36d89a55,1
708,36dc0634,1
711,371c774b,1
718,375ba629,1
720,3771ef23,1
728,385ef60d,1
738,391858f5,1
743,39798464,1
744,398b17d9,1
749,3a4e2257,1
752,3a9150d9,1
753,3aa55edf,1
758,3b0ff137,1
761,3b2ff38c,1
762,3b40e7e4,1
764,3b7f8554,1
765,3b7f9dda,1
767,3bae0c94,1
769,3bb281f2,1
775,3c1a6765,1
776,3c38c33c,1
780,3c987817,1
781,3cb21e9b,1
783,3cc9af93,1
786,3d2abd6a,1
789,3d3cd3c8,1
790,3d5d5cf1,1
791,3d67a4d4,1
794,3d8c6c21,1
798,3dddc36f,1
799,3e6ac76f,1
801,3e7f01b6,1
803,3eb50860,1
804,3ed56f85,1
808,3efcd5a5,1
809,3f092eee,1
810,3f1536c1,1
813,3f56c143,1
822,3fe4698f,1
823,3ff134cf,1
825,402231be,1
826,4024009b,1
831,40c82308,1
833,40d194d2,1
834,40d91def,1
840,4115cb5c,1
842,41526ca7,1
846,419540e1,1
847,41b2746d,1
848,41babd20,1
851,41e8390b,1
852,4200d48c,1
853,42026285,1
854,422d59fd,1
855,42305f43,1
859,428df047,1
861,42ac97cd,1
866,42cad893,1
870,42faf5ab,1
878,43610986,1
879,436edb91,1
880,43702f99,1
882,4389165e,1
884,43ae4a39,1
886,43bda7f6,1
893,4436f83c,1
894,444d91b3,1
896,44617e4c,1
899,44897409,1
901,44f7b769,1
906,4545626f,1
908,459c9e87,1
915,45f05151,1
917,4632094f,1
922,46711d3f,1
923,46806e8e,1
924,468bb78a,1
927,46ad19dd,1
929,46af6658,1
933,46ecf7c6,1
934,46f4bb0d,1
935,470a913f,1
939,47339cf3,1
942,4743c046,1
943,474ed7de,1
952,482ede22,1
953,4851c297,1
954,485383d8,1
955,48935ea8,1
956,48957498,1
962,48e1bbc2,1
965,4929fad5,1
969,4958cced,1
970,49782e81,1
973,49a36f8b,1
978,49fa238d,1
981,4a24f09b,1
992,4ab0e533,1
999,4b18adca,1
1000,4b3b930b,1
1007,4bed3115,1
1008,4c2ae2c8,1
1009,4c5ad727,1
1011,4c75ecd1,1
1013,4c7f538b,1
1019,4cf7bbc7,1
1027,4d8d4c6d,1
1029,4daa7bba,1
1032,4dd0f221,1
1037,4deea7bc,1
1042,4e68f41f,1
1043,4e97599e,1
1045,4ec4c7d4,1
1046,4ec97075,1
1051,4f5bafe4,1
1052,4f6f473f,1
1054,4fda3ea5,1
1067,50c7ecdb,1
1075,514c93fd,1
1083,51a2ee7c,1
1084,51e3bfb4,1
1085,51ef1cbc,1
1086,51fca5b5,1
1087,5228cef3,1
1088,522f0d9b,1
1090,52704f1c,1
1092,5293b46f,1
1094,529e17fa,1
1095,52a21643,1
1096,52ab7d0d,1
1100,52dc508f,1
1109,53c14650,1
1111,53e33be6,1
1118,54bb7eb6,1
1119,54d0f381,1
1120,54e7a6fc,1
1132,55fe60e1,1
1134,56082a1b,1
1136,561c5278,1
1140,564dd4e3,1
1145,56747c81,1
1146,56788e73,1
1152,56e63d0c,1
1155,570477bc,1
1158,57103617,1
1160,572caf98,1
1167,57fb797b,1
1170,581c0394,1
1172,58284da5,1
1174,5838f77e,1
1177,58977474,1
1179,58afc99e,1
1192,59a453b1,1
1195,59eb66c5,1
1196,59fc6877,1
1197,5a17ae79,1
1206,5a8d89c1,1
1208,5a92b650,1
1212,5af6536b,1
1213,5b2263aa,1
1221,5bdccbb1,1
1224,5bf04d9c,1
1225,5c04b113,1
1227,5c0aaf40,1
1234,5c6e99f0,1
1251,5d4f56e8,1
1252,5d6a2c14,1
1253,5d755037,1
1254,5d8cbe59,1
1263,5e265cef,1
1265,5e512efe,1
1267,5e60b39d,1
1273,5ed13916,1
1282,5f2387e7,1
1283,5f29bce6,1
1286,5f706a28,1
1289,5f847a12,1
1290,5fa32462,1
1291,5fa6d2eb,1
1295,5fc5db23,1
1300,604d944d,1
1301,6057bdeb,1
1310,614e152b,1
1311,6170e8ae,1
1313,61804730,1
1320,621147a5,1
1321,62156ebf,1
1326,62bf03be,1
1329,62e6af82,1
1340,63d83a7d,1
1351,6488e1e2,1
1353,649a3ddd,1
1359,64d25c50,1
1360,64daa912,1
1362,651ed6bb,1
1363,652b616f,1
1367,65977f13,1
1368,659e0b9f,1
1369,65a019f5,1
1371,65cc3cc2,1
1374,65f3a018,1
1376,65fa918d,1
1388,670b0bab,1
1392,675dac7b,1
1396,67c286bd,1
1397,67db6671,1
1404,6850d4eb,1
1411,68f6e2b8,1
1413,692ed8b8,1
1416,695951d0,1
1417,695afecc,1
1421,69ea9a94,1
1422,69fa10a8,1
1424,6a289360,1
1425,6a37e1a4,1
1426,6a3fa9e1,1
1427,6a510fb1,1
1428,6a54e2ea,1
1436,6b38e9f6,1
1437,6b47917e,1
1442,6bbe92d1,1
1450,6c3ebdf7,1
1454,6c803eec,1
1466,6d434798,1
1470,6d8caf40,1
1471,6d8df652,1
1475,6de6bec3,1
1477,6deb64ba,1
1478,6dee7de9,1
1479,6df70ea3,1
1480,6e3f7d50,1
1483,6e73f933,1
1493,6f4bc75d,1
1500,6feab85c,1
1501,700045ad,1
1502,7003036e,1
1503,701ebf9d,1
1505,7051ac01,1
1509,7078838e,1
1513,70a97d62,1
1514,70aa10d3,1
1515,70acb0d3,1
1516,70ae2ec3,1
1518,70de1983,1
1530,71e0e02e,1
1531,71f1278b,1
1546,72b5c7ed,1
1550,72f69663,1
1551,73172f5c,1
1554,73922bfd,1
1559,73eeccfb,1
1562,741872da,1
1565,749d3625,1
1568,74e28217,1
1572,75082a51,1
1573,75211552,1
1575,75366ab9,1
1577,753b4ce4,1
1584,75ba7dbe,1
1588,75d5c532,1
1595,76ade46c,1
1604,777b537e,1
1605,7791076d,1
1608,77a5f8af,1
1609,77c1e968,1
1612,77d196c2,1
1613,77d4df5c,1
1614,77dbaefc,1
1620,787b4800,1
1621,789905d4,1
1626,7924fdab,1
1631,799a62c1,1
1632,799aa407,1
1633,79c8b84d,1
1636,79eee8db,1
1638,7a343ba9,1
1642,7aa9ace2,1
1643,7ab3a967,1
1644,7ac9a0cb,1
1645,7ad38aca,1
1649,7b0546e6,1
1651,7b26dd26,1
1653,7b42e559,1
1659,7baba1c2,1
1665,7c0dbfd6,1
1667,7c3aba50,1
1668,7c45967c,1
1669,7c48f69f,1
1672,7c9c77ef,1
1678,7d16a9cf,1
1679,7d1a4623,1
1688,7db38f38,1
1690,7e171c39,1
1692,7e36480a,1
1693,7e3fd356,1
1695,7e5c5790,1
1701,7ec1f870,1
1703,7ef84f88,1
1705,7f03f563,1
1706,7f09836e,1
1709,7f6520bc,1
1710,7f70adb2,1
1717,7ff8712a,1
1718,802e84fb,1
1723,810383d1,1
1724,8122be12,1
1725,812342b0,1
1727,81713517,1
1728,8172a521,1
1731,81842545,1
1734,81caef4d,1
1736,81eef4d1,1
1740,829660a3,1
1741,82b57051,1
1746,8302519b,1
1748,830fd637,1
1749,83106bb7,1
1750,8350baaa,1
1756,838ea4e1,1
1759,83f41842,1
1761,83feb89f,1
1762,841bab23,1
1765,84378eb1,1
1772,84b1dc79,1
1773,84c411f6,1
1775,84de0163,1
1793,86378a2d,1
1798,866a3389,1
1825,886c77a8,1
1829,890fcf6a,1
1841,89c69802,1
1844,8a0f16a0,1
1846,8a43ba99,1
1852,8abcb91e,1
1854,8ac9767a,1
1856,8afec964,1
1860,8bace32a,1
1864,8bf41c22,1
1866,8c4387a6,1
1870,8c8915af,1
1872,8cc01d1d,1
1878,8d44100e,1
1883,8d96f086,1
1885,8defef89,1
1892,8ecf6a47,1
1897,8f1a1e5d,1
1902,8f933d30,1
1906,8fa39c79,1
1909,8fc4d36c,1
1910,8fddd969,1
1917,905c93c4,1
1921,90918441,1
1925,90ee0d6b,1
1930,9152b228,1
1931,915a6363,1
1932,9175a960,1
1933,917a6180,1
1940,9244b549,1
1941,927f29de,1
1942,92977a65,1
1943,929eae8d,1
1944,92d08737,1
1945,92dfb3eb,1
1946,92e1220d,1
1952,9338d385,1
1953,93547353,1
1954,93665027,1
1955,937d8711,1
1960,94222e49,1
1961,94301070,1
1969,94cbc288,1
1972,94f8249b,1
1973,9534e311,1
1974,953f626b,1
1975,958d9c84,1
1977,959a58d8,1
1985,964b2a5a,1
1987,966e8ac9,1
1990,96a125b0,1
1992,96ba0ad6,1
1993,96ceac87,1
2000,97280816,1
2002,9736d401,1
2004,97693fee,1
2007,978814f6,1
2013,9808eef2,1
2017,98235733,1
2019,982c0bb1,1
2025,988b9036,1
2026,98a56322,1
2028,98a9de6f,1
2030,9903d171,1
2031,9910fb1f,1
2034,998f5f4f,1
2036,99abb58d,1
2039,9a03f424,1
2040,9a240faa,1
2050,9af479bb,1
2052,9b0eb39c,1
2054,9b2135a8,1
2055,9b306739,1
2058,9b4bef61,1
2059,9b583ff4,1
2062,9bc67429,1
2063,9bd87401,1
2065,9bfcb8d9,1
2067,9c193532,1
2073,9cc43d29,1
2075,9cc5b9fe,1
2076,9ccfa7bd,1
2077,9cd57547,1
2089,9d72b7e5,1
2095,9ddf4030,1
2101,9e23e135,1
2103,9e31aba4,1
2106,9e82bf24,1
2111,9ec3fc89,1
2112,9edecddd,1
2115,9f21afd2,1
2116,9f3535cd,1
2117,9f553c4c,1
2123,a0289042,1
2126,a062876d,1
2127,a073d05a,1
2128,a077cc31,1
2130,a09e4466,1
2131,a09efeac,1
2135,a0e6bc37,1
2136,a0e8c31e,1
2144,a13ffd45,1
2146,a1553a9f,1
2148,a16baab1,1
2150,a18b0eba,1
2156,a21a39f8,1
2158,a23a3514,1
2171,a3379990,1
2172,a38e5609,1
2173,a396ce76,1
2175,a3c140e5,1
2178,a3ebb758,1
2180,a4176d38,1
2182,a4217051,1
2190,a478a2e6,1
2191,a47ce9e7,1
2193,a4913392,1
2196,a4c38822,1
2197,a4c4018f,1
2202,a52a270b,1
2205,a54f8950,1
2209,a577255a,1
2217,a6064fd4,1
2224,a6ec8624,1
2231,a74eeac7,1
2232,a778be11,1
2233,a789a11e,1
2234,a7907aa7,1
2235,a79ac5bb,1
2242,a817e7d6,1
2243,a818eb42,1
2244,a8653228,1
2247,a8d0fd97,1
2254,a955efb3,1
2258,a9c28b46,1
2260,a9f5df96,1
2265,aa4271c8,1
2270,aa730c97,1
2276,ab15f4ec,1
2277,ab164eec,1
2284,ab7d5db6,1
2287,ab994bb3,1
2290,abf7fb9a,1
2294,ac423d8d,1
2295,ac42b928,1
2296,ac6609a0,1
2301,ac9db3b9,1
2304,ace006de,1
2306,ad0357ed,1
2308,ad1c1d46,1
2312,ad51392c,1
2314,adab4c08,1
2317,adcfdbe1,1
2319,adf44e9b,1
2320,ae0b3e8e,1
2325,aed889b5,1
2326,af054027,1
2327,af4d369a,1
2328,af64bd75,1
2330,af757932,1
2331,afa2496a,1
2332,afe46b7a,1
2339,b0842b0e,1
2342,b0977ff8,1
2343,b0f34d10,1
2347,b121e22a,1
2349,b1542298,1
2350,b15dcef6,1
2351,b1948374,1
2352,b1a7a642,1
2354,b1d87dc3,1
2359,b23dac89,1
2360,b24c29dc,1
2362,b25b7209,1
2363,b2604ae8,1
2364,b26e1abf,1
2365,b2815f96,1
2366,b291ba77,1
2370,b3106f00,1
2372,b32e4734,1
2376,b3542229,1
2377,b359ef0e,1
2383,b37bed73,1
2384,b37f579c,1
2394,b4533683,1
2396,b46fd4b8,1
2404,b4b565f9,1
2407,b4f6fe7d,1
2411,b52271e3,1
2412,b52853f4,1
2420,b5bb4ff3,1
2427,b62a6195,1
2430,b6e4562d,1
2431,b6ed6b4e,1
2435,b740891c,1
2444,b7fd0014,1
2449,b83511dd,1
2450,b83bf5a5,1
2452,b88461ec,1
2458,b95c3395,1
2459,b96ae6ce,1
2465,b9b27194,1
2467,b9e97ed9,1
2471,ba35ba24,1
2473,ba76323b,1
2475,ba8635bb,1
2477,ba9fa082,1
2484,baf37589,1
2489,bb4a678a,1
2493,bb990376,1
2496,bbe1c310,1
2498,bbe79ace,1
2507,bcb4584c,1
2524,be1a33dd,1
2525,be1b68b9,1
2532,be7b71ec,1
2535,beb0b810,1
2540,bee4224e,1
2545,bf2ffc89,1
2552,bf9ca008,1
2554,bfaa5271,1
2556,bfc1b8c3,1
2562,c028b18c,1
2563,c0370332,1
2565,c041f4a6,1
2567,c062c1e5,1
2568,c064f6a2,1
2570,c0971b91,1
2577,c120ef79,1
2578,c12e5057,1
2582,c15fb28c,1
2587,c1ce28a2,1
2589,c20f1c62,1
2593,c2c47369,1
2598,c34fe033,1
2599,c35fa059,1
2603,c38624c9,1
2604,c38d130e,1
2605,c394e849,1
2613,c4915d21,1
2616,c4e3f0e0,1
2617,c4f43d51,1
2622,c55854c0,1
2623,c566309e,1
2625,c5e15a3e,1
2627,c6118cc7,1
2631,c63cad2f,1
2636,c68b7fde,1
2637,c6a44922,1
2640,c6b0697a,1
2648,c7238f1a,1
2652,c74f6dfe,1
2657,c79e8dd9,1
2659,c7f0b567,1
2667,c88d6e5e,1
2668,c8a0d76d,1
2670,c8c0b094,1
2672,c8eaee0e,1
2674,c8f62532,1
2675,c8fb47e5,1
2676,c902f4ec,1
2679,c91d8f3f,1
2681,c9472a76,1
2686,c993e7e4,1
2695,ca2e930c,1
2696,ca39e4f7,1
2697,ca448178,1
2701,ca5ab8b9,1
2704,ca82e2b8,1
2714,cb364e10,1
2719,cb74ca8c,1
2720,cb7dfbf3,1
2721,cb7f41a3,1
2722,cb94afdd,1
2728,cbe3d6f1,1
2730,cbeda991,1
2732,cc1f2fc2,1
2735,cc5991c2,1
2737,cc8b9328,1
2740,ccdbe24e,1
2741,ccfafcdf,1
2747,cd5d47e6,1
2748,cd728cac,1
2749,cd8818fe,1
2751,cdbd0922,1
2753,cdbd97f9,1
2755,cdeee7a4,1
2756,cdf39ac0,1
2757,cdffbc4e,1
2762,ce492b63,1
2763,ce4f5c39,1
2764,ce5403bf,1
2765,ce792827,1
2767,cea11afe,1
2769,ceba8850,1
2772,cf14ce56,1
2775,cf4ad71f,1
2786,cf9148a1,1
2789,cfac7c41,1
2791,cfc2311b,1
2792,cfdddacc,1
2794,cffda02b,1
2800,d07bcadb,1
2802,d0996ab2,1
2807,d1121ea2,1
2809,d16b69d9,1
2811,d17b0af4,1
2820,d2807c20,1
2821,d2999c08,1
2824,d2d71246,1
2827,d30ceb80,1
2828,d3437773,1
2830,d3537046,1
2831,d35bbb21,1
2832,d382176d,1
2833,d3bda854,1
2834,d3bef2e2,1
2835,d3bf18b3,1
2840,d44cea5c,1
2842,d45b420b,1
2843,d46418f3,1
2848,d4cf1a34,1
2862,d5cc4c0b,1
2863,d5d58de6,1
2873,d66f9b77,1
2875,d6845aa2,1
2876,d6877055,1
2880,d6a9e674,1
2881,d6b72275,1
2882,d6dca20a,1
2883,d6f66b59,1
2884,d704ddb6,1
2886,d70dbbcd,1
2894,d7f6ed48,1
2895,d7f98bd8,1
2904,d85b52e1,1
2905,d863049c,1
2912,d9085b9c,1
2915,d956552c,1
2916,d95ae95b,1
2922,d99b1081,1
2927,d9b4499d,1
2928,d9b641be,1
2929,d9c2f2ee,1
2933,da0a433e,1
2935,da181bb6,1
2936,da2ef1a9,1
2937,da3d90d6,1
2938,da5606ae,1
2944,db055105,1
2945,db13fa86,1
2949,db4c5999,1
2954,dba70dc9,1
2965,dd2c2892,1
2967,dd3936af,1
2974,dde63276,1
2976,ddee91ab,1
2979,de1fbb32,1
2982,de5191a2,1
2984,de639c23,1
2987,de9bf2e0,1
2996,dfd40c4f,1
3000,e0016894,1
3003,e011af31,1
3004,e02f13e0,1
3005,e035453d,1
3010,e0bc4fac,1
3011,e0c72b02,1
3012,e0c8fa45,1
3014,e0cf1443,1
3016,e13b8617,1
3017,e17bf25c,1
3018,e1845d68,1
3019,e1abf7dc,1
3023,e1deeb85,1
3025,e23d793a,1
3027,e26752ad,1
3028,e2768e90,1
3031,e2f7b25a,1
3035,e3359934,1
3036,e352bbbf,1
3037,e3614e72,1
3043,e3b474c8,1
3047,e46eb25d,1
3048,e477d23f,1
3049,e481075f,1
3051,e49b5a1c,1
3052,e4acf638,1
3053,e4b621e5,1
3055,e4f12c75,1
3056,e4f1c002,1
3057,e4f88774,1
3058,e4f9c315,1
3072,e609706b,1
3076,e669c927,1
3079,e6ae9dfc,1
3080,e6bfd5eb,1
3083,e6eff826,1
3084,e70cdb0e,1
3087,e73ba586,1
3089,e74d7a11,1
3090,e77ef989,1
3096,e80438d1,1
3097,e80be282,1
3101,e87e6ea1,1
3102,e8b31979,1
3104,e8c4e03f,1
3107,e8f351a7,1
3111,e90abf0d,1
3112,e90cfd3d,1
3113,e9112f06,1
3116,e92ba41a,1
3117,e930fcf5,1
3122,e987a0df,1
3126,e9d99126,1
3131,ea2e66d8,1
3139,eae3ace0,1
3141,eb22f28a,1
3144,eb271124,1
3156,ebf44f89,1
3160,ec7dd51f,1
3163,ecb31d62,1
3165,ecbebecc,1
3167,ecf01a1a,1
3169,ed3e8754,1
3171,ed9a8434,1
3172,ed9acb4d,1
3175,edfd10df,1
3182,eec629c6,1
3187,ef36390a,1
3191,ef509860,1
3196,efb10961,1
3199,effbb387,1
3201,f01275d2,1
3203,f01ed37b,1
3206,f03dcc3d,1
3208,f0626e8f,1
3211,f07f5cd0,1
3214,f0dae4be,1
3215,f1145af3,1
3216,f15abbd2,1
3220,f18c63a0,1
3222,f196d34c,1
3223,f1c35aeb,1
3225,f2734e7b,1
3231,f2eeed14,1
3232,f313f107,1
3237,f38cd94b,1
3245,f46b9a6f,1
3248,f4c27a6b,1
3251,f5101a75,1
3257,f548144b,1
3259,f574415f,1
3262,f5a86d8e,1
3266,f5dfbe5a,1
3279,f690db4a,1
3281,f6da2b59,1
3282,f6eb6fc0,1
3283,f7109c03,1
3297,f84ce0dd,1
3299,f86104a4,1
3301,f87cfdf6,1
3302,f88057a6,1
3304,f89ef600,1
3309,f8e401af,1
3310,f8e886d7,1
3311,f8ea1b5a,1
3321,f996356b,1
3322,f9964e28,1
3328,fa474097,1
3335,fa802fa5,1
3337,fa9a8b35,1
3340,fabadd86,1
3341,fb10a828,1
3350,fb7bd9d4,1
3353,fb94b073,1
3355,fbe6e570,1
3358,fc972ac1,1
3360,fcc97e22,1
3364,fd38e209,1
3370,fd9b83a0,1
3374,fdcf7fef,1
3378,fdfb550d,1
3379,fe17843a,1
3380,fe2fde5f,1
3382,fe42a987,1
3385,fe5980d8,1
3386,fe66a346,1
3389,fe9b0514,1
3396,fee3805e,1
3397,fefabe4a,1
3401,ffdda14f,1
